User,Month,Issues,PRs,Merges
01sss,11,1,0,0
0Lisixian0,7,1,0,0
0x3878f,8,9,0,0
0x3878f,9,1,7,0
0x45f,4,2,3,3
1042312930,1,1,0,0
11075225,3,5,0,0
11075225,4,2,0,0
11075225,5,2,0,0
11075225,6,1,0,0
11075225,8,1,0,0
111wukong,1,1,0,0
111wukong,4,1,0,0
1178615156,1,1,0,0
1190303125,11,1,0,0
1193700079,2,1,0,0
1196228233,5,1,0,0
1196228233,6,2,5,0
11spring,7,1,0,0
11spring,8,2,0,0
1205469665,7,1,0,0
123Yujiahang,5,1,0,0
123newday,1,3,0,0
123studying,8,1,0,0
125793014,10,1,0,0
1259666087,5,1,0,0
12dc32d,7,1,0,0
13050509570,6,1,0,0
1314520gu,4,1,0,0
13244554253,9,1,0,0
13263762454,1,1,0,0
13307790006,7,1,0,0
136323000,6,1,0,0
13950182204,1,2,0,0
13fengfeng,6,1,0,0
1424153694,6,1,0,0
1443244362,7,1,0,0
1477823267,5,1,0,0
15254042250,12,1,0,0
1528242627,7,1,0,0
15621008556,10,1,0,0
15689933561,1,1,0,0
1687412531,3,1,0,0
1737686924,9,2,0,0
1756112901,12,4,0,0
18205097282,3,1,0,0
1822067490,7,1,0,0
1826133674,1,3,0,0
1826133674,2,1,0,0
18325391772,7,1,0,0
18325391772,11,3,0,0
18684031838,12,1,0,0
1878708493,7,1,0,0
188080501,11,5,0,0
188080501,12,1,0,0
18846828771,7,1,0,0
18mingmin,1,1,0,0
190084188,10,1,0,0
1a1aca,1,2,0,0
1a1aca,2,3,0,0
1a1aca,6,2,0,0
1aqi,8,2,0,0
1wang11lijian1,7,2,0,0
1yuechu1,12,1,0,0
20083017,3,1,0,0
2013358072,7,1,0,0
201722111112027,3,1,0,0
2022WPJ,1,1,0,0
20246688,4,2,0,0
2043078895,7,1,0,0
2213500360,12,1,0,0
2232293826,7,2,0,0
22ling,9,1,0,0
2314933036,1,1,0,0
2375963934a,4,1,0,0
2443374695,3,1,0,0
2443374695,5,1,0,0
2584191127,3,1,0,0
258863,6,2,0,0
2711035086,11,1,0,0
2742195759,2,2,0,1
2776012999,4,1,0,0
294978174,4,1,0,0
3183817130,5,2,0,0
350050183,7,2,0,0
394988736,6,1,0,0
420xincheng,10,1,0,0
420xincheng,12,1,0,0
471417367,2,1,0,0
48383167,3,1,0,0
488283943,4,1,0,0
520030910343,4,1,0,0
5204AIO,10,1,0,0
534114658,7,1,0,0
534114658,10,1,0,0
535205856,1,1,0,0
535205856,5,2,0,0
652994331,1,1,0,0
670133189,4,1,0,0
729973389,8,1,0,0
741060686,4,1,0,0
777sfdf,1,1,0,0
777sfdf,2,1,0,0
777sfdf,4,1,0,0
77bw,6,2,0,0
77bw,7,3,0,0
77bw,8,2,0,0
7resp4ss,7,1,0,0
809388027,12,1,0,0
813BoZai,7,1,0,0
827648313,3,1,0,0
8baby8,6,1,0,0
924553350,2,1,0,0
949418761,3,1,0,0
A-nnonymous,10,1,0,0
A123798qw,3,1,0,0
ABBoyangCD,5,2,0,0
AESL-RND1,2,1,0,0
AFAN-LIFE,6,1,0,0
AHPUymhd,6,1,0,0
AIDeepx,12,1,1,0
ALittleDruid,12,1,0,0
AMALVAASISH,7,1,0,0
AN-ZE,4,1,0,0
AN-ZE,5,1,0,0
ANemo-yj,2,1,0,0
ANemo-yj,6,1,0,0
ATM006,3,1,0,0
ATP-BME,3,1,0,0
ATP-BME,4,1,0,0
ATblackwhite,1,1,0,0
AUP0,10,1,0,0
AZH1992,10,1,0,0
Aaryan2304,12,1,0,0
Abhivadan,9,1,0,0
Abikehaozhu,3,1,0,0
Acheerfulloser,1,1,0,0
Acheerfulloser,7,1,0,0
ActionBeam,6,1,0,0
Adenc,3,1,0,0
Adhitya1996,4,1,0,0
Advance-Mr,11,2,0,0
Adversarr,10,2,0,0
AfterSnows,9,1,0,0
Aganlengzi,9,2,0,0
Aganlengzi,12,1,0,0
Ainavo,1,1,0,0
Ainavo,3,1,0,0
Alanhzl,3,5,0,0
Albresky,12,1,0,0
Alex37882388,3,2,0,0
Alex37882388,4,1,0,0
Alex86706,11,1,0,0
AlexDai001,11,1,0,0
AlexPascu001,4,1,0,0
AlexWxW,6,1,0,0
Alexander-jazz,5,1,0,0
Alexasparis,12,1,0,0
Alexia1994,6,1,0,0
Alexng2024,6,1,0,0
Algabeno,8,1,0,0
Ali-Raza12,2,1,0,0
AlicanBalik,4,1,0,0
Alirez1043,1,1,0,0
AllenMeng2009,6,4,0,0
AllenMeng2009,7,2,0,0
AlligatorSky1017,11,1,0,0
Alonghui,12,2,0,0
Ameng2126,9,1,0,0
Ameng2126,10,2,0,0
Amy234543,1,1,0,0
Amy234543,3,1,0,0
AnTranHoai38,12,1,0,0
AndSonder,3,1,0,0
AndSonder,6,1,0,0
AndSonder,7,1,0,0
Andriy7,12,1,0,0
Andy197527,6,1,0,0
Andy197527,8,1,0,0
AndyLiu-121,6,1,0,0
AngHooVen,10,2,0,0
Angel113110,4,1,0,0
AngelLiang,1,1,0,0
AnitaSherry,4,1,0,0
Ankh-L,4,1,0,0
AnnapurnaPodar,2,1,0,0
Anthony-Sun-S,4,1,0,0
AnthonyF333,11,1,0,0
AntyRia,2,5,0,0
Anxiangchegu,1,1,0,0
Ao-Lee,11,1,0,0
ApocalypticDoctor,8,1,0,0
Apokar,7,3,0,0
ApolloRay,2,1,0,0
ApolloRay,6,2,0,0
ApricityXX,5,1,2,0
Aquapisces,1,1,0,0
Arcolaus,6,1,0,0
Aritra02091998,3,2,0,0
Asaiyume0926,3,1,0,0
Asthestarsfalll,12,1,0,0
Atom2004,5,1,0,0
AuditoreDJN,9,1,0,0
Augenstern2023,11,1,0,0
Aurelius84,3,1,2,2
Aurelius84,7,4,7,3
AvaMins,4,1,0,0
AvaMins,5,1,0,0
AvalonSama,4,2,0,0
AxeBlue,7,2,0,0
AxeBlue,8,1,0,0
B1029038,7,2,0,0
BAYEKHELIX,2,1,0,0
BG888,8,1,0,0
BITprogramMan,6,1,0,0
BUJIQI,11,1,1,0
Barry-1212,11,1,0,0
BarryAlllen,2,2,0,0
BarryAlllen,3,2,0,0
BarryYin,11,1,0,0
Bb91234567890,11,3,0,0
Bb91234567890,12,2,0,0
BeginningOne,6,1,0,0
BeingGod,1,3,2,0
BerineYang,10,1,0,0
BeyondYourself,3,2,0,0
BeyondYourself,4,1,0,0
BeyondYourself,6,1,0,0
BeyondYourself,7,1,0,0
Biekangdong,6,1,0,0
BigFace123,7,1,0,0
BillLZD,4,1,0,0
Bishow-99,7,1,0,0
BlankConan,1,1,0,0
Bob0123456,4,2,0,0
Bob0123456,6,1,0,0
Bodarobi,2,1,0,0
Bonoy0328,4,1,0,0
Boom-Wang,10,1,0,0
Boom-Wang,12,1,0,0
BotAndyGao,8,1,0,0
BotAndyGao,10,1,0,0
Bradly-s,1,2,0,0
Bradly-s,11,1,0,0
Bradly-s,12,1,0,0
BrightXiaoHan,1,1,0,0
Brutal15229,11,1,0,0
BuiPhamSonHa,2,1,0,0
BuiPhamSonHa,3,2,0,0
BurdenRaxs,1,1,0,0
C-rawler,8,1,0,0
CCbird,11,1,0,0
CF-chen-feng-CF,9,1,0,0
CJ0510,1,1,0,0
CQMalaxg,4,3,0,0
CUTEPKQ,4,1,0,0
CXSforHPU,3,1,0,0
CZMmin,4,1,0,0
Camas9,7,1,0,0
CanJie,8,1,0,0
Capiday,3,1,0,0
Capricorn-18,4,1,0,0
Carious-ads,7,1,0,0
CashBai,8,4,0,0
CashBai,10,8,0,0
CashBai,11,1,0,0
CashBai,12,2,0,0
Catherine-aka,11,1,0,0
Cercis1,5,1,0,0
ChYHENG123,7,1,0,0
ChaoII,1,1,4,0
ChaoII,2,1,4,0
ChaoII,3,2,7,0
ChaoII,4,1,3,0
ChaoII,6,1,0,0
ChaoII,7,5,4,0
ChaoII,12,3,0,0
Charlesjc-lab,8,1,0,0
CharmingHue,1,1,0,0
CharmingHue,3,1,0,0
ChenControl,12,2,0,0
CheneyYin,7,1,0,0
Chenfeixia,3,1,0,0
ChengMing520,8,1,0,0
ChenjieXu,2,4,6,0
ChenjieXu,3,1,0,0
Chenkeyi43,1,1,0,0
Chernyn,2,1,0,0
Chetancool,7,1,0,0
ChevalierOhm,5,2,0,0
ChocoWu,7,1,0,0
Chriost,11,1,0,0
Chuge0335,7,2,0,0
Chuge0335,8,1,0,0
Circleee7,8,2,0,0
CodeRic28,1,1,0,0
ConnectingDNA-Depositary,7,1,0,0
CorbinFoucart,7,1,0,0
CrazyBoyM,7,1,6,0
CtSTS,3,1,0,0
CunYu0718,7,1,0,0
Cupcc,10,3,0,0
CvBokchoy,10,2,0,0
Cynthia-ly,12,2,0,0
DAAworld,1,1,0,0
DAAworld,7,1,0,0
DCC-lzhy,4,1,0,0
DLlearn,5,1,0,0
DUCH714,6,1,0,0
Daeshiyao,11,1,0,0
DanBrown47,1,1,0,0
Dandelion111,7,1,0,0
Dandelion111,9,1,0,0
Dandelion111,12,1,0,0
Daniel-969,3,1,0,0
Daniel-969,4,2,0,0
DarkenStar,11,1,0,0
Darksiderlyd,1,1,0,0
Darren0465,5,1,0,0
DarrenZhangug,11,1,0,0
David-dotcom666,1,2,0,0
David-dotcom666,5,1,0,0
David-dotcom666,7,2,0,0
David-dotcom666,8,5,0,0
David-dotcom666,9,2,0,0
David-dotcom666,12,1,0,0
DazzlingGalaxy,11,1,0,0
DeepAichemist,3,1,0,0
Derbins,3,1,0,0
Desperado-Jia,3,1,0,0
Dhao007,3,1,0,0
Dimweaker,5,1,0,0
Dimweaker,6,1,0,0
Dimweaker,7,1,0,0
Dimweaker,8,1,0,0
Dineshkumar-Anandan-ZS0367,2,3,0,0
Dineshkumar-Anandan-ZS0367,4,2,0,0
Dineshkumar-Anandan-ZS0367,5,1,0,0
DingHsun,6,1,0,0
Dingxiangtao,4,1,0,0
Dingxiangtao,10,1,0,0
DipanshuJuneja,7,1,0,0
DipanshuJuneja,9,1,0,0
DoItWithMe,12,1,0,0
DoctorDream,8,1,0,0
Dollhan,11,1,0,0
Doloxetine,1,1,0,0
Doloxetine,3,1,0,0
Doloxetine,8,1,0,0
DominicMukilan,7,1,0,0
Dong-star623,5,1,0,0
DongBaiYue,5,1,0,0
Double97828,4,1,0,0
Double97828,11,1,0,0
DrRyanHuang,2,1,0,0
DrRyanHuang,6,2,1,0
DrRyanHuang,10,1,0,0
DreamMaker777,3,4,0,0
Dreamkeeper66666,7,1,0,0
DrownFish19,4,1,0,0
DrownFish19,6,1,4,0
DrownFish19,7,1,7,0
E-Pudding,11,1,0,0
ERRORand,3,1,0,0
Eason-shu,11,1,0,0
Eddie-Wang1120,4,1,0,0
Eddie-Wang1120,5,2,0,0
Edward-YS,10,2,0,0
Edwina414,6,1,0,0
EliverQ,6,1,0,0
EliverQ,8,1,0,0
EmmonsCurse,1,2,0,0
EmmonsCurse,2,3,2,0
EmmonsCurse,3,1,0,0
EmmonsCurse,4,3,1,4
Endlesswinds,7,1,0,0
Endlesswinds,8,1,0,0
EnflameGCU,8,1,1,0
Enoch9x9,11,1,0,0
Enzo-bit-beep,3,1,0,0
EricDing618,1,2,0,0
ErnestinaQiu,1,1,0,0
ErshovVE,6,1,0,0
EvW1998,10,1,0,0
EvW1998,11,2,0,0
EvilCalf,7,1,0,0
Evle-liu,6,1,0,0
ExtReMLapin,2,1,0,0
EzcodingSen,11,1,0,0
FAUST-BENCHOU,3,1,0,0
FHhui,11,2,0,0
FRAki73,11,1,0,0
Faichuis,4,1,0,0
FarV-Ma,10,1,0,0
Farooq87,7,1,0,0
Felix0525,3,1,0,0
FengJin-cv,10,1,0,0
FengfengLiang1112222,6,1,0,0
Fenglinhsh,9,1,0,0
File-z-J,3,1,0,0
Firestick-Xia,6,1,0,0
FishSmallL,10,2,0,0
Fissionalist,3,1,0,0
Fizzmy,12,1,0,0
FloatFrank,7,1,0,0
Fly2flies,1,1,0,0
FlyDut,10,1,0,0
Forever0713,12,1,0,0
FrankSheng,2,1,0,0
FrankyTang,5,1,0,0
FunnyWii,1,2,1,0
GDbbq,1,1,0,0
GGGame1,9,1,0,0
GHUFRAN-HYDER,6,1,0,0
GJYWorld,7,1,0,0
GLaStu,11,1,0,0
GXKIM,11,1,0,0
GaeHyo,10,1,0,0
Galaxy1458,1,1,1,1
Galaxy1458,3,1,0,0
GallantZhangYu,8,1,0,0
GanSidong,7,1,0,0
GaoYuelong,4,1,0,0
Garhorne0813,9,3,0,0
GarrettLee,3,1,0,0
Gary-zyt,6,1,0,0
GasparVardanyan,3,1,0,0
GeLeinjust,3,1,0,0
Gela-Ryan,9,1,0,0
GenerallyCovetous,6,1,0,0
GentlerMan,4,1,0,0
GentlerMan,6,2,0,0
Ghaz1i,5,1,0,0
Ghorc,6,1,12,0
GiattiChen,7,1,0,0
GitCode2024,12,1,0,0
GitHubmalajava,2,1,0,0
GiterRUOK,3,1,0,0
GloriaYY,2,1,0,0
GloriaYY,3,1,0,0
GloriaYY,5,1,0,0
GoPark1995,9,1,0,0
God-song,5,1,0,0
GoldenStain,9,1,1,0
GoldenStain,11,2,0,0
Gpy23,4,5,0,0
GreatV,1,3,5,0
GreatV,2,3,1,0
GreatV,4,1,15,23
GreatV,5,2,63,38
GreatV,6,2,15,41
GreatV,8,1,20,34
GreatV,11,2,20,15
GreenValue,5,2,0,0
GreenyGo1,2,1,0,0
GuoDapeng,2,1,0,0
GuoQuanhao,10,1,0,0
GuoxiaWang,8,1,2,0
HHaidai,8,1,0,0
HHaidai,9,1,0,0
HIT-liyihao,4,1,0,0
HRyixin,5,1,0,0
HUPg-95,11,2,0,0
HYJ1542052797,7,1,0,0
Haeppypuppy,2,1,0,0
Hakstar,8,1,0,0
Hakstar,11,1,0,0
HanksYang,2,1,0,0
Happy-zyy,3,2,0,0
Hari-Seldonn,5,1,0,0
HarperCy,4,1,0,0
HarperCy,10,1,0,0
Harryoung,2,2,0,0
Harryoung,3,1,7,7
Harryoung,5,1,0,0
Harryoung,6,1,0,0
Haseeeb21,10,3,0,0
HawkingRadiation42,1,1,0,0
HawkingRadiation42,2,2,0,0
HawkingRadiation42,3,1,0,0
HeShiwen,1,1,0,0
HeShiwen,2,1,8,0
Heart-Sniper,1,1,0,0
Heaven-zeng,10,1,0,0
HighGee,7,1,0,0
Hold-on-li,1,1,0,0
Hold-on-li,5,2,0,0
Hold-on-li,11,2,0,0
Hold-on-li,12,1,0,0
HomengLau,12,1,0,0
Homura852,3,2,0,0
HonestyBrave,10,1,0,0
HongkunSun,3,2,0,0
Hongqing-work,11,1,1,0
Hongqing-work,12,1,1,0
HongtaoBi,7,1,0,0
Hsiayukoo,10,1,0,0
Huanghongli,3,1,0,0
Huanuanx,1,2,0,0
Hucley,8,1,0,0
Hughhuh,3,1,0,0
HwangYunJin,7,1,0,0
HxSeek,12,1,0,0
HydrogenSulfate,2,1,0,0
HydrogenSulfate,4,1,7,3
HydrogenSulfate,10,2,4,2
HydrogenSulfate,12,1,3,4
IAmAlwaysOnline,7,1,0,0
ILoveAmy,10,2,0,0
IceHowe,7,2,0,0
IceHowe,8,3,0,0
IceHowe,12,4,0,0
IceSugarLemon,11,2,0,0
IgnoranceSmile,2,2,0,0
IgnoranceSmile,3,4,0,0
IgnoranceSmile,4,2,0,0
Iloccorb96,3,1,0,0
Imbernoulli,3,1,0,0
Imsorryto,11,1,0,0
InsaneOnion,5,1,1,0
Intsigstephon,3,1,0,0
Intsigstephon,4,1,0,0
Irisnotiris,8,2,0,0
Irisnotiris,11,1,0,0
Irving11330,3,1,0,0
IsLuckyi,9,2,0,0
IvoryTower800,1,1,0,0
JACKLPJ,7,1,0,0
JIANG3330,4,1,0,0
JIANG3330,8,2,0,0
JJiachengLi,5,1,0,0
JackHe1999,7,1,0,0
JackLRR,4,1,0,0
Jacoo520,3,1,0,0
Jakin-huang,4,3,0,0
Jakin-huang,8,1,0,0
Jakin-huang,9,1,0,0
JameWade,9,2,0,0
JamesLim-sy,7,1,0,0
Jarvisni,6,1,0,0
JasonCZH4,6,1,0,0
JasonFlyBeauty,7,1,0,0
Jawwadabd,9,1,0,0
Jayden-ch,3,1,0,0
JeffLyu-66,7,1,0,0
JiaXinLI98,7,3,0,0
JiangNanXiGe2016,10,1,0,0
JianyuZhan,7,1,0,0
JianyuZhan,8,1,0,0
JiaoPaner,8,1,0,0
JiehangXie,1,1,0,0
Jiehon,8,1,0,0
JinyuanSun,8,1,0,0
JocelynPanPan,10,1,0,0
Johnbarry2,7,1,0,0
JohnsenJiang,6,1,0,0
JohnsenJiang,8,1,0,0
Joker1212,9,1,0,0
Joker1212,10,2,0,0
JoshonSmith,4,1,0,0
JoshonSmith,5,1,0,0
JoshonSmith,6,1,0,0
JoshonSmith,10,1,0,0
JoshonSmith,11,1,0,0
JoyceMind,3,2,0,0
JoyeeL,8,1,0,0
JoyousPHPer,1,2,0,0
JoyousPHPer,4,1,0,0
Json0926,3,1,0,0
JunXiaoWen,7,1,0,0
JunnYu,1,2,1,2
JunnYu,2,1,5,1
JunnYu,3,4,2,0
JunnYu,7,1,4,3
JunnYu,8,1,7,3
JunnYu,11,1,0,0
JunnYu,12,1,0,0
Juruobudong,5,3,0,0
Juruobudong,11,1,0,0
JustWinWin,3,1,0,0
Jverson,2,1,0,0
Jverson,4,1,0,0
K-K-SD,9,1,0,0
KD1903,9,1,0,0
KPCOFGS,4,1,0,0
Kaedeharai,1,1,0,0
Kanishkvijay,7,1,0,0
Kannan665,9,1,0,0
KaraElan,7,1,0,0
Kare-Udon,1,1,0,0
Kaze816,6,1,0,0
KeithMaxwell,4,1,0,0
KeithMaxwell,11,1,1,0
Kellen-X,10,1,0,0
KellyGodLv,1,1,0,0
Kenneth-X,2,1,0,0
KevinFOS,5,1,0,0
Kevinkkww,7,1,0,0
KillerQueen-dust,3,1,0,0
KillerQueen-dust,10,1,0,0
KiraYeetar,3,1,0,0
KnightGOKU,7,2,0,0
KomodoCrypto,5,2,0,0
KongXCai,1,1,0,0
KrisTopherHao,2,1,0,0
KrisZHH,4,1,0,0
Krisort,12,1,0,0
KumaTea,3,1,0,0
Kus66,1,1,0,0
KyleWang-Hunter,1,2,0,0
KyleWang-Hunter,3,1,0,0
L-Inkink,4,1,0,0
LDOUBLEV,6,1,0,0
LGYYYYYY,12,1,0,0
LHSION,12,1,0,0
LKjoey,12,2,0,0
LLLiHaotian,3,1,0,0
LLee233,9,1,1,1
LLsmile,6,2,0,0
LMR2018,5,1,0,0
LMR2018,6,1,0,0
LORD-9527,1,1,0,0
LS1030,3,1,0,0
LS1030,4,1,0,0
LUDENGZHEN,8,2,0,0
LXX230,1,1,0,0
LaiWeiQuan,2,1,0,0
LaurenceLong,8,1,0,0
Le-soleile,3,1,0,0
LeFuGang,2,1,0,0
LeanFly,8,1,0,0
LeanFly,9,3,0,0
Lee-047,3,1,0,0
LegendRGC,2,2,0,0
LegendSun0,1,1,0,0
Lem0nTe4,2,1,0,0
LeungWaiHo,1,1,0,0
Lew9s,3,1,0,0
LiManshiang,12,1,0,0
LiYufengzz,1,1,0,0
LiYufengzz,2,3,0,0
LiangT-Hub,11,1,0,0
LiaoYuWei1,12,1,0,0
LightRoastKenyaPeaberry,5,1,0,0
Ligoml,1,1,0,0
Lijian500,5,1,0,0
Limingxing00,3,1,0,0
LinHoujie,5,1,0,0
LinRS1999,10,2,0,0
Linda-Deng,7,1,0,0
Linda-Deng,8,1,0,0
Ling1992,3,1,0,0
Linkangyis,5,1,0,0
Linzy19,4,2,0,0
LiquorPerfect,1,1,0,0
LiquorPerfect,4,1,0,0
LisaShen0509,2,1,0,0
LitchiCheng,3,1,0,0
LittleCool-Man,8,1,0,0
LittleCool-Man,10,1,0,0
LittleHeroZZZX,12,1,0,0
LittleRain626,1,1,0,0
Liu-jian-kang,1,1,0,0
LiuSky,11,1,0,0
LiuTingqq149132,3,1,0,0
Liusdaooo,8,1,0,0
Liuuuu54,7,1,0,0
Liyulingyue,2,2,3,0
Liyulingyue,4,2,24,0
Liyulingyue,11,4,28,5
Lizuole007,12,1,0,0
LjPro,3,1,0,0
LokeZhou,3,1,0,7
LokeZhou,7,1,5,6
Longdexin,12,1,0,0
LorenzoSun-V,5,1,0,0
LouisChenB,5,7,0,0
LouisChenB,6,3,0,0
Lucas-SJY,1,1,0,0
Lucas-SJY,2,1,0,0
LuckyPick,7,1,0,0
Luxf01,3,1,0,0
MINGtoMING,2,1,0,0
MINGtoMING,7,1,2,0
MMYY-yy,5,1,0,0
MSTTTTTTTTTTTTTTTTT,1,1,0,0
MaciejPykoszAigo,12,1,0,0
Maikuraky,8,1,0,0
ManikSinghSarmaal,7,1,2,0
Manoe-K,3,1,0,0
March-Wind,7,1,0,0
MarioLulab,1,1,0,0
MarioLulab,3,1,1,0
MarioUncle-Wang,8,1,0,0
Markitosik,1,1,0,0
MaroofAbdullah,7,1,0,0
Mars123xxx,3,1,0,0
MarsChange,4,1,0,0
Martzki,10,2,0,0
MasterLivens,7,1,0,0
MatchX,7,1,0,0
Math312,4,1,0,0
Matiz7,6,1,0,0
Matter-Charles,2,1,0,0
MaxHouxu,4,1,0,0
MaxHouxu,5,2,0,0
MaxHouxu,12,1,0,0
Maxwe11cc,4,1,0,0
MemoryAnt,8,1,0,0
MengjiangBro,5,1,0,0
Mengyueke,10,1,0,0
MiXianif,3,1,0,0
Michael-Fuu,3,1,0,0
MichaelSunEngineer,8,1,0,0
MichaelZsl,6,1,0,0
MiltonZheng,7,2,0,0
MinaRoss,10,1,0,0
Minghao2812,11,1,0,0
MingqiFANG,1,1,0,0
MiroBamboo,12,1,0,0
Mmmmwei,9,1,0,0
MoLanShao,9,1,0,0
MonLightMagic,11,2,0,0
MonolithFoundation,6,1,0,0
MonsterSir,1,1,0,0
MqLeet,11,1,0,0
Mr-Cronk,7,1,0,0
Mr-Zhang-Cn,7,1,0,0
MrXnneHang,11,3,6,0
MrZhousf,6,1,0,0
Mrxuba,6,1,4,0
Mushano,5,1,0,0
MvZpt,7,1,0,0
MyIslandZHJ,2,1,0,0
NKNaN,1,1,0,0
NKNaN,2,1,1,0
NKNaN,10,1,4,0
NKNaN,12,1,8,0
NaeemKhanNiazi,3,1,0,0
NaivePawn,12,1,0,0
Nanh1860,2,1,0,0
Nanh1860,3,1,0,0
Nankee-Lee,2,1,0,0
Nankee-Lee,4,1,0,0
Nefefilibata,11,1,0,0
NeroLoh,2,1,0,0
NeroLoh,3,1,0,0
NeroLoh,4,1,0,0
Newcomer-CL,9,2,0,0
Newcomer-CL,10,1,0,0
NguyenDucQuan12,10,1,0,0
Nico10Hahn17,1,1,0,0
NidhoggBo,2,2,0,0
NikaYK,3,1,0,0
Nikhil-Sawant-141,2,1,0,0
NikhilDahitule,2,1,0,0
Noobzm,4,1,0,0
Number18-tong,9,1,0,0
NyquistBodeTu,3,1,0,0
NyquistBodeTu,9,1,0,0
Ocean-Moist,5,1,0,0
Ochre-amber,7,1,0,0
Ochre-amber,8,1,0,0
Olg1erdzz,3,1,0,0
Olg1erdzz,6,1,0,0
OmarEldsouky,3,1,0,0
OpenCDR,9,1,0,0
OrdinaryChen,3,1,0,0
OswaldoBornemann,3,1,0,0
OwenHuaKargo,3,1,0,0
Oyounger,4,1,0,0
POTATO-30,1,1,0,0
PandaAdvent,8,1,0,0
Pantyhose-X,1,1,0,0
PassStory,3,1,0,0
PassStory,5,1,0,0
PassStory,6,2,0,0
Patrick-Star125,4,1,0,0
PattaWapee,3,1,0,0
Pedro69491,11,1,0,0
PeiyuLau,3,1,2,0
PerizatKurmanbaeva,3,1,0,0
PeterFive,4,1,0,0
PeterKim1,1,2,0,0
PeterKim1,2,1,0,0
Peteryt,2,1,0,0
PhyllisJi,5,4,0,0
PhyllisJi,6,5,0,0
PhyllisJi,10,3,0,0
PierreCarceller,6,1,0,0
Piterang,5,1,0,0
Piterang,6,2,0,0
PlayerJian,3,1,0,0
PlayerJian,5,1,0,0
PlayerJian,7,2,0,0
PlayerJian,10,1,0,0
PlumBlossomMaid,1,1,0,0
PlumBlossomMaid,10,1,0,0
Pointvar,10,1,0,0
Prince5867,9,1,0,0
Print1n,4,1,0,0
Programrookie33,1,1,0,0
Programrookie33,7,1,0,0
Programrookie33,9,1,0,0
ProudOrange,9,1,0,0
Pumpkinhn,10,1,0,0
PureWaterCatt,5,4,0,0
PureWaterCatt,6,1,0,0
PureWaterCatt,11,1,0,0
PxCPeter2801,2,3,0,0
PxCPeter2801,3,1,0,0
QAQyy,4,1,0,0
QHdsj1,2,1,0,0
QQiangren,5,1,0,0
Qengineering,1,1,0,0
Qhuhair,3,1,0,0
Qi0716,3,1,0,0
QianYing-LYG,10,1,0,0
Qiuyanghang,5,1,0,0
QuantumStaticFR,7,1,0,0
R4Ajeti,3,1,0,0
RRRRUSH,5,2,0,0
RadioWaverider,5,1,0,0
Rainbow8pony,12,1,0,0
RasmusJohns,1,1,0,0
Ray961123,2,5,0,0
Ray961123,3,1,0,0
Ray961123,9,1,2,0
Rayarrow94,3,1,0,0
RedContritio,4,1,0,0
Redhair957,10,1,0,0
RemyHaijie,9,1,0,0
RemyHaijie,10,1,0,0
Ren-Xin,1,4,0,0
Rene36,3,1,0,0
RicardaY,10,1,0,0
RichardQin1,1,1,0,0
RickLir,6,1,0,0
RickyGunawan09,1,1,0,0
RileyShe,6,1,0,0
Riyoubou,10,1,0,0
RlonLL11FE,7,1,0,0
Robert-Lu,2,1,0,0
Roboxkin,4,2,0,0
RockL888,7,2,0,0
RomRoc,1,2,0,0
Rruown,2,1,0,0
Rruown,3,1,0,0
Rsndmmm,5,1,0,0
Ruanlt,4,1,0,0
RubinCarter,4,1,0,0
Ruby799,6,1,0,0
Runinthenight,12,1,0,0
RyanOvO,4,2,0,0
Ryder-Xu,3,1,0,0
SANFUSHENG,3,1,0,0
SHYBEENOMULA,4,1,0,0
SK-XFY,9,1,0,0
SSZ1,2,1,0,0
SUCKER255,1,1,0,0
SUPEROKMAN,1,1,0,0
SWHL,6,3,12,8
SWHL,8,1,11,8
SWHL,12,1,1,2
SageMik,1,1,0,0
Sakurafwsv,4,1,0,0
Samuel-gwb,9,1,0,0
Sanath1998,3,1,0,0
SandDeco,3,2,0,0
Sandwiches97,5,1,0,0
SatoriEye,7,1,0,0
Scott0902,7,1,0,0
SeaMountains,11,1,0,0
SeeYouAgainZm,9,1,0,0
Sencc,4,1,0,0
SenitCo,1,2,0,0
SenitCo,2,3,0,0
Serenagirl,10,3,0,0
Shaquille-Wu,3,1,0,0
Shaun-Wong,3,1,0,0
ShaunLeeblob,7,1,0,0
ShaunLeeblob,9,2,0,0
Shawn-Tao,10,1,0,0
ShawnALiu,4,1,0,0
ShawnNew,3,1,0,0
ShawnNew,4,1,3,0
Sherry-yanqi,3,1,1,0
Sherryran08,12,1,0,0
Shi-YangWang,10,1,0,0
Shirwinerjay,6,1,0,0
Shiyue-Lee,12,1,0,0
ShubhamZoop,2,1,0,0
SiZY2002,12,1,0,0
SigureMo,2,1,3,29
SigureMo,3,1,6,4
SigureMo,4,2,12,8
SigureMo,11,2,8,12
SijieY,3,1,0,0
SilenceAmbition,9,1,0,0
Simon-Guan,2,1,0,0
Sinoftj,4,2,0,0
SiqinLv,3,1,0,0
SiqinLv,4,2,0,0
SiqinLv,6,1,0,0
Skypow2012,6,1,0,0
SleepEarlyLiveLong,10,1,0,0
Smile0524,3,2,0,0
SmilingFaceGXQ,5,1,0,0
Snailser,1,1,0,0
SolMing,12,2,0,0
SonGohan757,7,1,0,0
SongJasper,4,1,0,0
SongJasper,7,1,0,0
SongmiaoWang,1,1,0,0
SonwYang,5,1,0,0
SophiaSarah,4,1,0,0
SpoongeTBob,9,1,0,0
SpringSan,7,1,0,0
StarShang,6,1,0,0
Stave604671,8,1,0,0
Stefan3Zz,12,5,0,0
Stones3ma,8,1,0,0
Stonesusu,1,1,0,0
StrengthFirstF,11,1,0,0
Strepsiades,7,1,0,0
Strepsiades,8,1,0,0
Strepsiades,11,1,0,0
Stupid-Ai,10,1,0,0
SummerLam,10,1,0,0
Sun-k0903,6,1,0,0
SunNoJJ,8,1,0,0
Suncheng2022,4,1,0,0
Sundragon1993,1,1,0,0
Sunlang98,7,1,0,0
SunshineBread,6,1,0,0
SuperMasonHo,12,1,0,0
SweatLin,2,1,0,0
SweatLin,3,1,0,0
SwordyLee,3,2,0,0
SwordyLee,4,1,0,0
Syorst,6,1,0,0
Syorst,12,1,0,0
T-liuhuan,7,1,0,0
TBD1,11,1,0,0
TITC,2,1,0,0
TLiley2,12,1,0,0
TOMORINAONAO,1,1,0,0
TOMORINAONAO,4,1,0,0
TS0048,5,2,0,0
Test-Jim,7,1,0,0
Thanhthanhthanhthanh1711,5,1,0,0
ThatMyAurora,4,1,0,0
TheGreatGalaxy,5,1,0,0
TheHonestBob,4,1,0,0
TheHonestBob,5,1,0,0
TheHonestBob,9,1,0,0
TheMattBin,4,2,0,0
ThinkWD,1,2,4,0
ThinkWD,3,1,0,0
Thunderltx,2,1,0,0
Thunderltx,12,1,0,0
TianCai19,7,1,0,0
TianCai19,8,1,0,0
Tianny109,3,1,0,0
TimZhang001,4,1,0,0
TimeYWL,1,1,0,0
TimeYWL,3,1,0,0
TimeYWL,4,2,1,0
TimeYWL,6,1,0,0
TimeYWL,7,1,0,0
TimeYWL,9,4,0,0
TimeYWL,11,1,0,0
Timeqaq,10,1,0,0
TingquanGao,1,1,0,0
TingquanGao,3,1,0,0
TingquanGao,4,1,2,2
TinyQi,1,1,0,0
TinyQi,3,1,0,0
TinyQi,4,1,0,0
TinyQi,5,3,0,0
Tolk5946,12,1,0,0
Tom-Zheng,8,1,0,0
TommysLee,5,3,0,0
TommysLee,7,1,0,0
TommysLee,8,2,0,0
TongHengcheng,7,1,0,0
Tongjilibo,5,1,0,0
Tongkaio,2,1,0,0
Tongkaio,3,1,3,0
TorRient,1,1,0,0
Tortoise17,1,3,0,0
Tortoise17,2,1,0,0
Tortoise17,3,4,0,0
Tortoise17,4,2,0,0
Tortoise17,5,1,0,0
Tortoise17,9,1,0,0
Tpinion,9,1,0,0
TranquilChan,1,1,0,0
TrayfourYu,3,1,0,0
TrioTea,8,4,0,0
TrioTea,11,1,0,0
TrioTea,12,1,0,0
TyrionChou,7,1,0,0
TyrionChou,8,1,0,0
Tyx-main,11,1,0,0
USER-HFC,9,1,0,0
USTCKAY,9,1,0,0
USTCKAY,10,1,0,0
Unlicensed-driver-ljx,7,1,0,0
UnlimitedWand,10,2,0,0
UserShen-001,4,1,0,0
UsersNGT,5,1,0,0
UsersNGT,11,1,0,0
VVJY,4,1,0,0
VVJY,5,1,0,0
Verrev00,7,1,0,0
VictorHe-1,6,1,0,0
VignetteApril,3,1,0,0
Vimos,4,1,0,0
VioletEmpty,4,1,0,0
VisImage,7,1,0,0
Vivi529,1,1,0,0
Vivi529,2,1,0,0
WADFSFFE,4,1,0,0
WANGYong-NJ,5,1,0,0
WYY220062,9,1,0,0
Walker-DJ1,3,1,0,0
WalkerZJH,8,1,0,0
Wang-Yu-Qing,2,1,0,0
WangQing-hub,7,1,0,0
WangShengFeng1,3,2,0,0
WangYP90,11,1,0,0
Wangjunyue,4,1,0,0
Wangqi12138,9,1,0,0
Wangqi12138,11,1,0,0
WanwanLinLin,2,1,0,0
WanwanLinLin,5,1,0,0
WeiguangHan,8,2,0,0
WenmuZhou,4,1,0,0
WenmuZhou,8,1,0,0
Wenqianqian123,3,2,0,0
Whisper-jack,11,4,0,0
WhuanY,8,1,0,0
WhuanY,10,2,0,0
WhuanY,11,2,0,0
William-HTP,1,1,0,0
WilliamOChai,7,1,0,0
WindLWQ,12,3,0,0
WingI9B1,6,1,0,0
Winnie202,5,1,0,0
WintersMontagne10335,3,3,1,0
WintersMontagne10335,4,1,1,0
Wonddy,12,1,0,0
Wong4j,3,1,0,0
Wong4j,4,1,0,0
Wong4j,5,1,0,0
Wong4j,9,1,0,0
Wong4j,10,4,0,0
Wong4j,11,2,0,0
WoodenWildFox,5,1,0,0
Worromots,5,1,0,0
Wst-sd,1,2,0,0
Wst-sd,2,1,0,0
WuHui6,3,1,0,0
WusamX,7,1,0,0
X-MingYang,3,1,0,0
XDFN19930328,4,1,0,0
XJPeng12,1,1,0,0
XRF181,5,1,0,0
XavierLinn,6,2,0,0
XiHenSuper,6,1,0,0
Xiadalei,3,1,0,0
XianlinYao,4,1,0,0
XiaoDongGuoGuo,8,1,0,0
XiaokangLei,3,1,0,0
XiaoqingWang,1,1,0,0
Xiaorong-Zh,10,2,0,0
XimfengYao,3,1,0,0
XinAn9508,7,1,0,0
XinMon44521,5,1,0,0
XinyeYang,4,1,0,0
XiruiTeng,3,1,0,0
Xnollis,8,1,0,0
Xrtero,1,1,0,0
XsSHX,4,1,0,0
Xtaiyang,1,1,0,0
Xtaiyang,3,1,0,0
Xtaiyang,4,1,0,0
Xu789,6,1,0,0
XueKX,7,1,0,0
XzxtX,11,1,0,0
Y233,7,1,0,0
YELLOWZAN,4,1,0,0
YJH1108,5,1,0,0
YOU-007,1,1,0,0
YOUZI36,7,1,0,0
YSU-Spectroscopy-Lab,9,1,0,0
YanTianlong-01,3,1,0,0
Yang-Changhui,3,4,0,0
Yang-Changhui,4,2,0,0
Yang-Changhui,5,2,0,0
Yang-Changhui,7,2,0,0
Yang-yyf,3,1,0,0
YangYuenan,7,2,0,0
Yanxingang,10,1,0,0
Yanxingang,11,1,0,0
YaoXu97,4,1,0,0
YaoXu97,8,1,0,0
YaoYinYing,8,2,2,0
Yaotian666438,11,1,0,0
YashLokare02,7,1,0,0
YasinZhao,4,1,0,0
Yhc-777,5,1,0,0
YiLin198,8,1,0,0
YingkunZhou,1,1,0,0
Yins11,9,1,0,0
Yins11,11,2,0,0
Yitianw,11,1,0,0
Ymars1990,3,1,0,0
YoshitakaMo,9,1,0,0
Yt-nn,11,1,0,0
YuQi9797,2,1,0,0
YuanRisheng,3,1,0,1
YuanRisheng,4,1,0,0
YuboCoco,4,1,0,0
YuetKaka15,7,1,0,0
Ywandung-Lyou,1,2,0,0
YzM1a0,6,1,0,0
Z1huatanej0,3,1,0,0
Z2C9808,7,1,0,0
ZCCFighting,4,1,0,0
ZClee128,9,1,0,0
ZHANG-GangHan,6,1,0,0
ZHIZIHUABU,1,1,0,0
ZHUHF123,7,1,0,0
ZHUI,1,1,2,7
ZHUI,3,1,5,3
ZHUxjj,1,1,0,0
ZIKAIHHUANG,5,1,0,0
ZJDATY,5,1,0,0
ZTMIDGO,11,1,0,0
ZTurboX,1,1,0,0
ZTurboX,2,1,0,0
ZTurboX,3,2,0,0
ZTurboX,5,1,0,0
ZTurboX,6,1,0,0
ZTurboX,7,1,0,0
ZelinMa557,4,1,0,0
ZengOwen,5,1,0,0
Zhang-Tianxu,4,1,0,0
Zhang-Zhenkun,6,1,0,0
ZhangJiaLei123,9,2,0,0
ZhangYuef,6,2,0,0
Zhaohuii-Wang,3,1,0,0
Zheng-Bicheng,1,2,14,0
Zheng-Bicheng,2,3,39,39
Zheng-Bicheng,3,1,7,9
Zheng-Bicheng,4,2,16,16
Zheng-Bicheng,5,1,19,28
ZhengHui-Z,8,1,0,0
ZhibangYue,8,1,0,0
ZhijunLStudio,11,1,0,0
ZhouBay-TF,12,3,0,0
ZhouqyCH,2,1,0,0
Zhu-TianYu,4,2,0,0
ZhuKun666,12,1,0,0
ZhuShentian,11,1,0,0
ZhuangPeiyu,1,1,0,0
ZiQiangXie,9,1,0,0
Zikhjm,6,1,0,0
Zing-desire,4,1,0,0
Zoeeeeey,5,5,0,0
Zoeeeeey,6,5,0,0
Zomcxj,2,2,0,0
Zomcxj,3,2,0,0
Zomcxj,8,2,0,0
Zomcxj,11,1,0,0
Zzmes,4,1,0,0
a-strong-python,1,1,0,0
a-strong-python,2,1,0,0
a01163125,7,1,0,0
a1101773014,1,1,0,0
a19970519,10,3,0,0
a19970519,11,2,0,0
a31413510,8,2,4,0
a31413510,9,2,1,0
a819411321,2,1,0,0
aLittleGreens,6,1,0,0
aa851182472,7,1,0,0
aaaaaaaak,3,1,0,0
abbydev,11,1,0,0
abcdbosh,5,1,0,0
abcmleng,3,1,0,0
abdelmageed95,2,1,0,0
abelezm,7,1,0,0
aboccag,8,1,0,0
acbp1379,1,1,0,0
accsoar,3,1,0,0
achieve-dream1221,6,1,0,0
ad5248,2,1,0,0
ada1114,4,1,0,0
adamzhg,4,2,0,0
adbmdp,5,2,0,0
addiojhe,3,1,0,0
adherent-ls,3,1,0,0
adnanshafi99,6,1,0,0
adrianaryaputra,1,1,0,0
adzhua,6,1,0,0
agitter,8,1,0,0
agzeroo,1,1,0,0
agzeroo,5,1,0,0
agzeroo,10,1,0,0
agzeroo,11,1,0,0
agzeroo,12,1,0,0
ahinchoi,9,1,0,0
ahmed081,10,1,0,0
ahmedselim2017,9,1,0,0
ahujack,4,1,0,0
aidenyao,10,1,0,0
aidenyao,11,1,0,0
aidway,3,1,0,0
aijim,7,1,0,0
ailijian,1,1,0,0
aishuwei,12,1,0,0
aiwenzhu,7,1,0,0
aiwenzhu,10,2,0,0
aiwenzhu,11,2,0,0
ajskld,7,1,0,0
akankshasingh25,5,1,0,0
alanOO7,5,1,0,0
alanOO7,6,1,0,0
alanOO7,10,4,0,0
alanshaoTT,3,1,0,0
alanxinn,5,1,0,0
alanxinn,8,2,0,0
alanxinn,9,1,0,0
alanxinn,11,1,0,0
alanzheng800,11,1,0,0
alejandrogarcia11,2,1,0,0
alexhmyang,7,1,0,0
alexhmyang,8,1,0,0
alice-create,5,1,0,0
aliencaocao,2,1,0,0
alifpay,1,1,0,0
allandclive,2,1,0,0
allentern,1,1,0,0
allenxln,5,1,0,0
amm266,4,1,0,0
amzfc,8,1,0,0
amznero,3,1,0,0
anderson101866,5,2,0,0
anderson101866,6,2,0,0
anderson101866,8,1,0,0
andy315,1,1,0,0
angelabr,3,2,0,0
ankur655,8,2,0,0
anlywxqwu,2,1,0,0
annahung31,4,2,0,0
anshenLW,1,2,0,0
aooxin,5,1,0,0
aooxin,12,1,2,0
aquagull,11,1,3,0
archeradvanture,1,1,0,0
arcral,4,1,0,0
ariessweety07,9,1,0,0
arogozhnikov,4,1,0,0
arogozhnikov,8,1,0,0
asdat3,12,1,0,0
asenasen123,11,1,0,0
asif-ca,3,1,0,0
aspaul20,7,2,0,0
aspaul20,10,1,0,0
atat1010,10,1,0,0
atczyh,5,1,0,0
aturbofly,2,5,0,0
aturbofly,3,3,0,0
awaa-col,2,1,0,0
b4bbuilder,8,1,0,0
bahar3474,4,2,0,0
bai-0829,1,1,0,0
baidu-chenwenyu,8,1,0,0
balicheng,1,1,0,0
bamboolaile,2,1,0,0
bang2003er,8,1,0,0
banhongjun,5,1,0,0
banjiuyufen,11,1,0,0
baominghelly,4,1,0,0
batumgl,4,1,0,0
bayoleems,3,1,0,0
bb0928,4,1,0,0
bbg221,8,1,0,0
bbhxwl,1,1,0,0
bbilixzc,2,1,0,0
beautyarbutin,5,1,0,0
bebigger,6,1,0,0
beer168,12,1,0,0
beetter,2,1,0,0
beetter,3,2,0,0
beike6688,1,2,0,0
beiwushijie,3,1,0,0
beixiang-l,4,1,0,0
bekars,1,1,0,0
bekars,3,1,0,0
bella-cc,6,1,0,0
bely66,1,1,0,0
bernice1357,6,1,0,0
bfabiandev,8,1,0,0
bhhsieh,4,2,0,0
bigbosskai,1,1,0,0
bigbosskai,2,2,0,0
bigkun,12,2,0,0
bigmover,3,2,0,0
binfox1,5,1,0,0
bingoabs,4,1,0,0
bingoodog,9,1,0,0
bingshuangchalan,4,1,0,0
birdAgent,11,1,0,0
bishengderen,6,1,0,0
bit-scientist,11,2,0,0
bitChill,4,1,0,0
bitjerry,6,1,0,0
bittergourd1224,3,4,0,0
bixiaopeng0,1,1,0,0
bixiaopeng0,8,1,0,0
bixiaopeng0,9,1,0,0
blacksheep-Aristotle,2,3,0,0
blacksheep-Aristotle,3,3,0,0
blacksheep-Aristotle,7,1,0,0
blandDrift,9,1,0,0
bltcn,8,1,0,0
bltcn,9,1,0,0
bltcn,10,2,0,0
bluesky4485,11,1,0,0
blvyoucan,3,2,14,0
blvyoucan,8,1,0,0
bmilkman,3,1,0,0
bohui-lv,1,1,0,0
bohui-lv,2,1,0,0
bohui-lv,6,1,0,0
boreassun,10,4,0,0
boss-yang702,10,2,0,0
bossdong886,12,1,0,0
bound123,12,3,0,0
bpkrishnan,6,1,0,0
brant3479,1,1,0,0
bravelywang123,12,1,0,0
brookscar,11,1,0,0
bsl1997,11,1,0,0
burning-star-x,9,3,0,0
butn345,11,1,0,0
bxbac,1,1,0,0
bxingqing,10,1,0,0
bye111,4,1,0,0
bywjge,3,1,0,0
c-avan,1,2,0,0
c123853648,8,1,0,0
c61811,10,1,0,0
ca1wenha0,10,1,0,0
caarmeecoorbii,4,1,0,0
cadeliqiyue,3,1,0,0
cadpm,11,2,0,0
caishenzhishou,9,1,0,0
caishijiefight,6,1,0,0
caizhuoyue77,2,1,0,0
can-glan,11,1,0,0
caojun226,11,1,0,0
caolingen2022,8,1,0,0
caolongwei,1,1,0,0
caopeizhi2,9,1,0,0
cap1215,3,2,0,0
carakiacc,5,1,0,0
carbonatedbeverages,6,1,0,0
carlos-yuan,11,1,0,0
carter275,7,1,0,0
carter275,9,1,0,0
carter275,11,2,0,0
casual-chen,10,1,0,0
cccusername,8,1,0,0
cchenglong,11,1,0,0
ccl-private,10,1,0,0
ccsuzzh,4,1,1,0
cctx1,3,2,0,0
cctx1,4,1,0,0
ccyx1997,3,1,0,0
cddddd6,5,1,0,0
cddddd6,6,1,0,0
cddddd6,12,1,0,0
cerasumat,11,1,0,0
cerasumat,12,3,0,0
cfsl007,2,1,0,0
cgq0816,10,1,0,0
chaitanya-srikanth,5,1,0,0
changbindu,4,1,2,0
changeyoung98,4,1,1,1
changeyourdestiny,8,1,0,0
changqingla,7,1,0,0
chaosang1994,12,1,0,0
charlesluo2014,6,1,0,0
charliedream1,2,1,0,0
charliedream1,3,4,0,0
charliedream1,4,3,0,0
charliedream1,5,1,0,0
charliedream1,6,1,0,0
charmowen,10,1,0,0
chatop2020,1,2,0,0
chayliu-ecarx,7,1,0,0
chayliu1991,11,2,0,0
chccc1994,11,1,0,0
chen-del,1,1,0,0
chen-zhiyu,1,2,0,0
chen1234520,11,2,0,0
chen2016013,7,1,0,0
chengao93,12,1,0,0
chenggm,8,1,0,0
chenghaoDong666,9,1,0,0
chengjingxiang,8,1,0,0
chenglopl,11,1,0,0
chengyi192,12,3,0,0
chenhop,3,1,0,0
chenkunet,1,1,0,0
chenmj201601,11,3,0,0
chenmj201601,12,2,0,0
chenmohan123,8,1,0,0
chentitus,2,1,0,0
chentitus,3,1,0,0
chenwanqq,2,2,0,0
chenwr727,1,1,0,0
chenxi510158746,5,1,0,0
chenzf11,5,1,0,0
chenzhen1120,12,2,0,0
chfeizy,8,1,0,0
chinesejunzai12,6,5,0,0
chinesejunzai12,7,2,0,0
chinesejunzai12,11,3,0,0
chlg,2,1,0,0
chloroplast567,11,1,0,0
choococo,7,2,0,0
christinestraub,7,1,3,0
chunda-zhang,3,1,0,0
ciciGC,1,1,0,0
cjpnice,10,1,0,0
clSpider,7,1,0,0
clarisDi,10,1,0,0
cloud2009,2,2,0,0
cloudAndMonkey,1,1,0,0
cloudfool,1,1,0,0
cloudfool,5,1,0,0
cloudsurging,10,1,0,0
cloudy-sfu,2,2,0,0
cmathx,6,1,0,0
cmcamdy,7,1,2,0
cmx4869,12,2,0,0
cn-fanfare,7,1,0,0
cnszmike,4,1,0,0
co63oc,1,5,12,0
co63oc,2,6,32,0
co63oc,4,3,11,0
co63oc,7,1,6,0
co63oc,9,2,7,0
co63oc,11,1,59,0
cocoshe,3,1,0,0
cocoshe,4,1,0,0
codeh2o,5,1,0,0
codeman008,2,1,0,0
coding-jimmy,4,3,0,0
cojoho,11,1,0,0
colinlwz,8,1,0,0
columbia617,9,1,0,0
cometta,5,1,0,0
commonherat,7,1,0,0
complexfilter,11,2,0,0
confuse05,6,1,0,0
confuse05,7,1,0,0
connorourke,1,1,0,0
consistent1997,9,1,0,0
continue-coding,4,2,0,0
continue-coding,9,1,0,0
countryhotel,2,4,0,0
counwakd,3,1,0,0
cqray1990,2,2,0,0
cqray1990,3,2,0,0
cqray1990,4,3,0,0
cqray1990,5,2,0,0
cqray1990,6,2,0,0
cqray1990,7,2,0,0
cqray1990,9,2,0,0
cqray1990,11,1,0,0
cqulilujia,5,1,0,0
crackso,6,1,0,0
cray1031,4,1,0,0
cray1031,5,1,0,0
crazyZSShuo,4,1,0,0
crazyxiaoxi,9,1,0,0
cskkx1,12,2,0,0
csoham96,2,1,0,0
ctgushiwei,2,1,0,0
ctgushiwei,3,4,0,0
cty-ai,3,1,0,0
cuicheng01,9,1,1,15
cuiyanzhuo,7,2,0,0
cumthxy,4,4,0,0
cwmore,9,2,0,0
cwqJim2023,8,1,0,0
cwudis,6,1,0,0
cxiaowen,7,1,0,0
cxy229,4,1,0,0
cxyz1,2,1,0,0
cyber-pioneer,2,1,3,1
cyj02132654,3,1,0,0
cynicgit,5,2,0,0
cyqresig,1,1,0,0
cyqresig,2,1,0,0
cywc23,7,1,0,0
cywc23,12,1,0,0
czp97,7,1,0,0
czp97,8,1,0,0
czp97,11,1,0,0
czp97,12,1,0,0
czq-qilu,12,2,0,0
czs397001,3,1,0,0
czx97,8,1,0,0
czyczyczy,1,1,0,0
dadaligoudan,7,1,0,0
daiwei377,11,1,0,0
damopi,7,1,0,0
danhdoan,6,1,0,0
danxuan2022,3,1,0,0
danxuan2022,4,1,0,0
danyXu,5,1,0,0
danyXu,11,1,0,0
dashan336,12,1,0,0
dddlli,3,2,0,0
dddlli,6,1,0,0
debugmenot,1,1,0,0
deepblacksky,7,1,0,0
deepindeed2022,3,2,0,0
deeplearningers,7,3,0,0
delbern310,12,1,0,0
demomath,10,1,0,0
dencentding,3,1,0,0
dencentding,6,1,0,0
desinerPol,4,2,0,0
dev-xdyang,12,1,0,0
devenliu,3,1,0,0
dfhao,1,1,0,0
dghlnvyps,4,2,0,0
dghlnvyps,5,1,0,0
dhh-chyc,1,1,0,0
dhh-chyc,6,1,0,0
diadestiny,2,1,1,0
diagram298,2,1,0,0
dianjingshilezhi,3,1,0,0
dict1234,5,1,0,0
dididiskq,9,1,0,0
dienhoa,3,1,0,0
dijkstra-mose,2,1,0,0
dimensionplane,12,1,0,0
dimka11,3,1,0,0
dingidng,5,1,0,0
dinglei0719,2,1,0,0
dinobot22,8,1,0,0
divenswu,12,1,0,0
diwuxiaoxu,11,1,0,0
diyaxxxx,4,1,0,0
djdll,7,2,0,0
djkcyl,3,1,0,0
djl00,4,1,0,0
djl00,8,1,0,0
dkw-wkd,3,1,0,0
dlli,10,1,0,0
dlwforever,8,1,0,0
dlzcn,12,1,0,0
dogrepairditch,1,1,0,0
dolcexu,3,1,0,0
domainsense,6,1,0,0
done520,4,1,0,0
done520,5,1,0,0
dongdongzi,11,2,0,0
donghao85,12,1,0,0
dongwentao1,11,1,0,0
dongyu6,11,1,0,0
dongyu6,12,1,0,0
doubleEfourier,10,1,0,0
dousang1999,9,1,0,0
dp8500,6,1,0,0
dp9212,6,1,0,0
dragronstranding,1,1,0,0
dragronstranding,4,1,0,0
dragronstranding,7,2,0,0
dragronstranding,12,2,0,0
drakitLiu,1,5,0,0
drakitLiu,2,2,0,0
drakitLiu,3,4,0,0
dreamcatcher-zgr,11,1,0,0
drivingchangeworld,12,2,0,0
drsagat,8,1,0,0
druphliu,11,1,0,0
dsamarth08,8,1,0,0
dsdsknfsk,12,3,0,0
dtiny,7,2,0,0
duenyuduenyu,5,1,0,0
dulicui742,2,1,0,0
dulicui742,3,1,0,0
duqimeng,8,4,0,0
dxisdx,4,1,0,0
dxisdx,9,1,0,0
dxlei,11,1,0,0
dyhisbig,5,1,0,0
dylan-yin,6,1,0,0
dynamicheart,4,2,1,0
dynamicheart,11,1,0,0
dynamicheart,12,1,1,0
dz902,1,1,0,0
e0r,1,1,0,0
easyeda2021,3,1,0,0
ebettler,10,1,0,0
echo0218,7,2,0,0
echochoc,3,1,0,0
echochoc,4,1,0,0
edkair,6,1,0,0
eee4017,1,2,0,0
eee4017,7,1,0,0
eee4017,10,1,0,0
eli-zheng-ubtech,9,1,0,0
elontusk123,3,1,0,0
elvishew,6,1,0,0
emailhxn,6,1,0,0
emily-bianchi,5,1,0,0
empty2enrich,8,2,0,0
emranallan,8,1,0,0
emre32emre,1,1,0,0
endfish,3,1,0,0
enemy1205,7,1,0,0
engineer1109,1,5,1,0
engineer1109,4,1,0,0
enryteam,11,1,0,0
entired,1,1,0,0
equalman,1,1,0,0
equalman,3,2,0,0
ericosmic,1,1,0,0
ericosmic,2,1,0,0
ericosmic,4,1,0,0
ericosmic,5,4,0,0
ericosmic,11,3,0,0
ericperfect,1,1,0,0
erictan23,5,1,0,0
esb-skle,4,1,0,0
estuday,3,2,0,0
etaixiee,8,1,1,0
everyday-gao,4,1,0,0
everythingability,7,1,0,0
ewwll,3,1,0,0
extrame,7,1,0,0
f549263766,1,1,0,0
fakeache,11,1,0,0
fakelucy,9,1,0,0
fallbernana123456,5,2,0,0
fallbernana123456,6,1,0,0
fallbernana123456,8,2,0,0
famersalltheday,5,2,0,0
famersalltheday,8,1,0,0
fancyerii,3,1,0,0
fanfan838012328,6,1,0,0
fang-water,4,1,0,0
fangbaolei,10,1,0,0
fangfangssj,6,1,0,0
fangquinlan,5,1,7,0
fanjiduo,2,1,0,0
fanplanet,11,3,0,0
fanruifeng,5,1,0,0
fantasysea,3,1,0,0
fashioncoolwan,5,1,0,0
fatiya987jajn,11,1,0,0
fatsheep2020,12,3,0,0
fattank,3,2,0,0
fe-jpg,10,1,0,0
feifaxiaoming,5,1,0,0
feifei-111,1,1,2,1
feifei-droid,8,1,0,0
felixho789,11,1,0,0
felixkak,5,1,0,0
fengshikun,11,1,0,0
fengtu957,12,1,0,0
fengyanWang,1,1,0,0
fengyanWang,12,2,0,0
feria-tu,11,2,0,0
ffiioonnaa,10,1,0,0
fhfeishi,5,1,0,0
fhowen,4,1,0,0
ficknico,10,1,0,0
fightingshao,7,1,0,0
fightingshao,8,1,0,0
fightingshao,10,2,0,0
firdota,5,1,0,0
flinzhao,3,1,0,0
flow3rdown,11,6,0,0
flowerhai,2,1,0,0
flowerkzj,6,1,0,0
flymorn,8,2,0,0
flysssss,8,1,0,0
flytocc,3,1,0,0
forever1dream,8,1,0,0
forgeyao,11,2,0,0
forrestr91,5,1,0,0
francisjump,8,1,0,0
freeman745,4,1,0,0
freezehe,7,6,0,0
freezehe,8,9,0,0
freezehe,10,2,0,0
frotms,2,1,0,0
fszhao182,12,1,0,0
fty1777,3,1,0,0
fufu0615,8,1,0,0
funny000,2,2,0,0
funny000,3,3,0,0
funny000,4,1,0,0
funny000,5,2,0,0
funny000,6,2,0,0
funny000,7,1,0,0
funny000,9,1,0,0
funny000,11,1,0,0
fushengwuyin,3,1,0,0
futureflsl,2,1,0,0
futureflsl,6,2,0,0
fws407296762,10,1,0,0
fxb392,11,1,0,0
fxfxfxfxfxfxfxfx,10,1,1,0
fxy1108,12,1,0,0
fxy1699,11,2,4,0
fyclver,3,3,0,0
gabrielmercado90,1,1,0,0
gabrielpondc,6,1,0,0
gaichengpeng,2,1,0,0
galaxyRocky,10,1,0,0
gan0422,4,1,0,0
gaojuntian,1,1,0,0
gaotianzeng,3,2,0,0
gaowq2017,5,2,0,0
gauricollab09,10,1,0,0
gc625-kodifly,9,1,0,0
gd1925,12,1,0,0
gengyanlei,2,2,0,0
gengyanlei,4,1,0,0
gengyanlei,5,2,0,0
geqiang996,12,1,0,0
gerald-luo,6,2,0,0
gg22mm,3,1,0,0
gggdroa,3,1,0,0
gggdroa,5,1,0,0
ggokturkk,9,1,0,0
giswrok,12,2,0,0
githubjixin,12,1,0,0
githublsk,5,1,0,0
githubthunder,5,1,0,0
githubwyj,8,1,0,0
gitqinxinyu,10,1,0,0
godlockin,2,1,0,0
goku206125,7,1,0,0
gokulnandan-0,1,1,0,0
gomatthew,6,1,0,0
gongchenting,7,2,0,0
gongshaotian,7,2,0,0
gongshaotian,11,1,3,0
gongshaotian,12,1,1,0
gongweibao,2,1,0,4
goodpeanuts,2,1,0,0
gooloosk,3,1,0,0
gooloosk,4,1,0,0
gosling123456,1,1,0,0
gouzigege,8,1,0,0
gouzil,1,5,0,0
gouzil,3,1,2,0
gouzil,8,2,0,0
gqzhang-ai,4,1,0,0
gqzhang-ai,10,1,0,0
gqzhang-ai,12,1,0,0
gracefullliam,9,1,0,0
great-wind,1,1,0,0
greatliu,2,1,0,0
greatliu,5,3,0,0
greatliu,7,3,0,0
greatliu,8,2,0,0
greatliu,11,1,0,0
greedyMaeter,12,1,0,0
gsauchj,5,1,0,0
gsx1378,1,1,0,0
gsx1378,4,2,0,0
guangyunms,4,1,15,0
guangyunms,8,1,0,0
gubinjie,2,1,0,0
guishilike,2,2,0,0
guishilike,3,1,0,0
gunh4mmer,4,4,0,0
guodastanson,3,1,0,0
guonaihong,5,1,0,0
guoqiang0148666,7,1,0,0
guozixu2001,11,1,2,0
gustavofuhr,10,1,0,0
gutenye,5,1,7,0
guzichen,1,1,0,0
guzichen,3,1,0,0
guzichen,11,1,0,0
gyx210,9,1,0,0
gyx210,10,2,0,0
gzgc,7,1,0,0
gzxy-0102,3,2,0,0
gzxy-0102,4,1,0,0
h4444433333,6,1,0,0
hahlw,4,1,0,0
haike-1213,6,3,0,0
haike-1213,7,1,0,0
hallelujahxn,9,1,0,0
hangLt333,6,2,0,0
hanhaowen-mt,3,1,0,0
hanhaowen-mt,5,1,0,0
hanhaowen-mt,6,1,0,0
hanhaowen-mt,7,1,0,0
hanliangwei,1,1,0,0
hans-bbt,9,1,0,0
hanyuanzhong,5,3,0,0
haoaZ,2,1,0,0
haroon423,4,2,0,0
hb-2017,10,3,0,0
hds1999,3,1,0,0
hds1999,4,1,0,0
heason8,7,1,0,0
heason8,10,1,0,0
heianyouling,6,1,0,0
hepei119,4,1,0,0
heweisheng,5,1,7,0
heynewyeah,7,1,0,0
hezhihao10,7,1,0,0
hf201429,3,1,0,0
hf62580,2,1,0,0
hgguyu,4,1,0,0
hhhhhhhhaaha,5,1,0,0
hhxdestiny,6,1,0,0
hhzhao0525,3,1,0,0
hideinhat,3,1,0,0
highquanglity,4,1,0,0
hinink,1,1,0,0
hjj-lmx,3,1,0,0
hjm950118,9,1,0,0
hjx620,6,1,0,0
hjx620,9,1,0,0
hjx620,11,2,0,0
hoangsc7,3,1,0,0
holazzer,4,1,0,0
holazzer,6,1,0,0
holazzer,9,1,0,0
homiecal,6,1,0,0
hongbo-miao,12,1,1,0
hongminduzuimei,9,1,0,0
houj04,3,3,1,0
houj04,4,2,0,1
houj04,6,1,0,3
houj04,11,2,0,1
houj04,12,2,0,0
houjinli,1,2,0,0
houta-higuchi,3,1,0,0
houyuchao,3,1,0,0
hpdqddsy,3,1,0,0
hsiehbocheng,9,1,0,0
hsywu2020,6,1,0,0
hu-qi,8,1,0,0
huahuoer,5,1,0,0
huaibovip,5,1,0,0
huameinan219,11,2,0,0
huameinan219,12,2,0,0
huangJJ8,9,1,0,0
huangfup,12,1,0,0
huangguifeng,7,2,0,0
huangguifeng,11,1,0,0
huanghmingyue,2,1,0,0
huangminzhong,3,1,0,0
huangtao2999,3,1,0,0
huangtao2999,6,1,0,0
huangtaosdt,4,1,0,0
huaxiangsiyi,1,1,0,0
hudeyi100,8,1,0,0
hudeyi100,10,2,0,0
huhaohao525,6,1,0,0
hujiachun,6,1,0,0
hujiachun,7,2,0,0
hujianming8163,11,1,0,0
huluhulu595,2,2,0,0
hunagjingwei,4,1,0,0
huotong1212,1,1,0,0
huotong1212,2,1,0,0
huoxicai,5,1,0,0
hurui79,4,1,0,0
hurui79,7,1,0,0
hustzxl,3,1,0,0
hutaotao1,1,1,0,0
huwei02,3,1,0,0
huwei02,7,1,0,0
huxiangdong,11,1,0,0
huxianhui282,10,1,0,0
hxuaj,1,2,0,0
hxuaj,3,3,0,0
hxuaj,8,1,0,0
hywchina,4,1,0,0
hyxzhang,4,1,0,0
hzn666,5,1,0,0
iFish85,7,1,0,0
iKunCai,7,1,0,0
iPengXPro,2,1,0,0
icedream2linxi,3,1,0,0
icutool,6,2,0,0
idontkonwher,1,1,0,0
idontkonwher,5,1,0,0
ifluck,11,1,0,0
ignore1999,6,1,0,0
ignore1999,7,1,0,0
ignorejjj,6,1,0,0
igor-krawczuk,9,1,0,0
ilbash,1,1,0,0
illiterate,2,1,0,0
ilovefanjian,3,1,0,0
ilovefanjian,4,1,0,0
ilovefanjian,5,2,0,0
ilovefanjian,12,1,0,0
imheng,8,1,0,0
imoko233,3,2,0,0
inisis,7,1,0,0
insinfo,8,2,0,0
intjun,4,1,0,0
intjun,9,1,0,0
intleopk,4,1,0,0
ireson96,6,1,0,0
isOreo,2,1,0,0
isnanaa,8,1,0,0
isnanaa,9,1,0,0
itagan,3,1,0,0
itflash,12,1,0,0
itmeicn,5,2,0,0
itouchsky,3,2,0,0
itues,11,1,0,0
itues,12,1,0,0
ivandon15,5,1,0,0
ixiami1314,3,1,0,0
izhaolinger,4,1,0,0
izhaolinger,5,1,0,0
izhaolinger,6,1,0,0
j0sephsasson,1,1,0,0
jackros1022,9,1,0,0
jamesbonds01,6,1,0,0
jaminegod,5,1,0,0
jason75567,10,1,0,0
jasper-cell,1,2,0,0
jasper-cell,5,1,0,0
java-tianz,12,1,0,0
javachens,3,1,0,0
javachens,4,1,0,0
jawi289o,7,1,0,0
jay22mehta,4,1,0,0
jaysonteng,4,1,0,0
jazzly,5,3,0,0
jbrepogmailcom,1,1,0,0
jcyrss,1,1,0,0
jeng1220,1,2,0,0
jeng1220,2,1,0,0
jeng1220,6,1,0,0
jeng1220,7,1,0,0
jerrywgz,7,1,1,5
jh-cao,11,1,0,0
jhxiang,10,2,0,0
jiacxie,10,1,0,0
jiamfeng,10,1,0,0
jiamian2009,3,1,0,0
jiang99357,7,1,0,0
jianghuakun,4,2,0,0
jianghuakun,6,5,0,0
jiangming7301,5,2,0,0
jiangshanwe,10,4,0,0
jianlins,10,1,0,0
jianxiaojin,4,1,0,0
jidechao,3,1,0,0
jidechao,6,1,0,0
jimcoolberd,5,1,0,0
jimesking,2,1,0,0
jimesking,3,1,0,0
jindameias,8,1,0,0
jingmingtao,4,2,0,0
jingmingtao,8,1,0,0
jingshuiliushen2023,1,1,0,0
jingsongliujing,6,2,0,0
jinjin4318,4,1,0,0
jinming-neuroleap,7,1,0,0
jinmingyi1998,11,1,0,0
jinqiua,10,1,0,0
jiqibuaixuexi,10,1,0,0
jiucl,1,1,0,0
jiuyuedeyu156,6,6,12,0
jiuyuedeyu156,7,2,6,0
jiuyuedeyu156,8,2,0,0
jiwenfei,4,1,0,0
jiyuwangbupt,12,2,0,0
jjdadajj,1,1,0,0
jjkgsd,8,1,0,0
jjy260782149,6,2,0,0
jkosinski,9,2,0,0
jnchen,6,1,0,0
jnulzl,8,1,0,0
jo-dean,7,1,0,0
jo-dean,10,3,0,0
joanmm851029,10,1,0,0
joeisme,7,1,0,0
johnlockejrr,9,1,2,0
johnyanccer,4,1,0,0
johnyanccer,6,1,0,0
johnyanccer,11,2,0,0
jonyllamado,7,3,0,0
jrsebastian,2,1,0,0
jrsebastian,3,1,0,0
jshen28,3,1,0,0
jsreveal,2,1,0,0
jtcjump,3,1,0,0
jtong99,12,1,0,0
judymiguel,4,1,0,0
juelietq,1,1,0,0
juhonkang,5,1,0,0
julian24bas,5,1,0,0
juncyan,9,3,0,0
juncyan,11,1,0,0
junwei-liu,1,1,0,0
junxfly,5,1,0,0
justforyou2017,3,3,0,0
justgoonz,10,1,0,0
juvebogdan,2,1,0,0
jwj76,9,1,0,0
jyyang621,3,1,0,0
jzhang533,1,1,0,1
jzhang533,2,1,6,0
jzhang533,3,1,78,84
jzhang533,4,2,1,64
jzhang533,5,1,17,110
jzm930203,8,1,0,0
kachadx,3,2,0,0
kachadx,4,4,0,0
kachadx,5,3,0,0
kachadx,6,5,0,0
kackbob,3,1,0,0
kaderu,1,1,0,0
kafukaf325,11,1,0,0
kainhuang,9,1,0,0
kangning476,3,1,0,0
kaoe3,6,1,0,0
karthikbalu,1,1,0,0
kehan777,11,1,0,0
kehuo,4,1,0,0
kejikeji6,4,1,0,0
kejiusi94,5,1,0,0
kelvinji2009,6,1,0,0
kenekai,11,1,0,0
kenneth-bro,12,1,0,0
kennyLSN,6,1,0,0
kenvinsuxun,10,1,0,0
kerry-weic,9,1,0,0
kerry-weic,12,1,0,0
kevincheng2,3,1,0,0
kevinkinking,6,2,0,0
kevinzezel,6,1,0,0
kewuyu,2,1,0,0
keyfall,7,1,0,0
keyur2maru,4,1,0,0
kezidanbao,8,2,0,0
kg-nlp,9,1,0,0
kiddkyd2,5,1,0,0
kiddyu,3,1,0,0
kikiyaYang,3,1,0,0
kikiyaYang,4,1,0,0
kinghelong,7,1,0,0
kinghelong,8,1,0,0
kissablemt,3,1,0,0
kitPanPeter,3,1,0,0
kitterive,1,2,0,0
kivenyangming,3,1,0,0
kiyojimini,6,1,0,0
kk-2000,5,3,16,0
kkiskkk,6,1,0,0
kkpssr,3,1,0,0
kkpssr,8,3,0,0
kli017,3,1,0,0
klshuchong,9,1,0,0
klzhong69,3,1,0,0
knoka812,10,1,0,0
knoka812,11,2,0,0
knowpwr,6,1,0,0
kobaidze3,7,1,0,0
komorebich,9,1,0,0
konghaiya,12,1,0,0
kopyl,1,2,0,0
kryptoniancode,5,1,0,0
kuhaku9527,3,1,0,0
kules-rara,6,1,0,0
kulongwei,5,2,0,0
kund3,9,1,0,0
kwang19113,2,1,0,0
kwang19113,4,1,0,0
kwdchol,3,1,0,0
kwdchol,5,1,0,0
kwjlhh,9,1,0,0
kylin987,2,1,0,0
kyzhouxu,11,1,0,0
l64262631,11,1,0,0
labolado,9,1,0,0
laborer123,7,1,0,0
lai-serena,1,3,0,0
laishenghui,1,2,0,0
lale314,11,1,0,0
laliwang,7,1,0,0
lan11,3,1,0,0
lanlan1234,4,1,0,0
lantudou,1,1,0,0
lao-xu,4,1,0,0
laogonggong847,6,1,0,0
laolj,10,1,0,0
laolj,11,1,0,0
lausannel,4,1,0,0
lawrence910426,4,1,0,0
lbsonggz,6,1,0,0
lbsskt,8,1,0,0
lbz0920,7,1,0,0
lcesd,11,1,0,0
lckj2009,3,5,0,0
lcttlx,6,1,0,0
learner777h,12,1,0,0
leashi,9,1,0,0
leashi,10,1,0,0
leduy-it,12,1,0,0
leeleolay,9,1,0,0
leeleolay,10,1,0,0
leftthomas,4,1,0,0
leidi1989,5,1,0,0
leihuayi,7,1,0,0
leizhu1989,1,1,0,0
leizhu900516,2,1,0,0
lemon3853,5,2,4,0
lemon3853,7,2,0,0
lemonish,5,1,0,0
lemonlikelihood,2,1,0,0
leo0519,7,2,0,0
leon062112,10,1,0,0
leovan,6,1,0,0
leslie2046,10,1,0,0
leslie2046,11,2,0,0
letienan1998,9,1,0,0
leyiwang,4,1,0,0
leyiwang,5,1,0,0
lg920810,3,1,0,0
lg920810,4,1,0,0
lg920810,5,1,0,0
lghsrchcn,12,1,0,0
lh9171338,3,1,0,0
lhou705,2,1,0,0
lhou705,3,1,0,0
lhscau,3,1,0,0
lhx150926,10,1,0,0
li7dragonball,10,1,0,0
liangasheng,4,1,0,0
liangruxing,4,1,0,0
liangyijian1,12,1,0,0
liaolinchun-AI,6,1,0,0
lichenliang666,7,2,0,0
lidan1,7,1,0,0
lidra,11,3,0,0
lifeIsBeautifulgo123,5,1,0,0
lifecodetest,5,1,0,0
lijialin03,4,1,0,0
lijing89,5,1,0,0
lili-changjiang,4,2,0,0
liming1010,10,4,0,0
lindadamama,11,1,0,0
lingdujunshang,3,1,0,0
lingdujunshang,8,1,0,0
linghusmile,3,5,0,0
lingyuwangwang,4,1,0,0
lingzhia1,6,1,0,0
linkk08,3,2,2,0
linkk08,6,3,0,0
linkk08,11,2,0,0
linkk08,12,1,0,0
linkstatic12,1,1,0,0
linlongrd,5,3,0,0
linqunbin,2,2,0,0
linssonSUSUSU,5,1,0,0
linuxlin365,12,2,0,0
liq05,6,1,0,0
lisdoo,10,1,0,0
lishuai-97,6,1,0,0
lishuai-97,7,2,0,0
litonghui,4,1,0,0
littlecay,4,1,0,0
littlemesie,2,1,0,0
littlepotato14122,7,1,0,0
littlesmallrookie,3,3,0,0
littlesmallrookie,10,2,0,0
liubaiyu332,1,1,0,0
liuchong540,4,1,0,0
liuchong540,5,1,0,0
liudonghua123,5,1,0,0
liuhetongzi,6,1,0,0
liujiachang,8,2,0,0
liujiachang,12,2,0,0
liujianisme,5,1,0,0
liulj0507,3,1,0,0
liushuigao,12,1,0,0
liuxc1,2,1,0,0
liuxiaotiao,10,1,0,0
liuxiaotiao,11,1,0,0
liuzhipengchd,4,1,0,0
liuzhipengchd,5,1,0,0
liuzhipengchd,6,1,0,0
liuzhipengchd,7,1,0,0
liuzhipengchd,8,1,0,0
liuzhipengchd,10,2,0,0
liuzhipengchd,11,1,0,0
livingbody,7,1,0,0
lixiang1991,1,1,0,0
lixiangMindSpore,1,1,0,0
lixiangMindSpore,2,3,0,0
lixiangMindSpore,3,3,0,0
lixinye666,1,1,0,0
liyang051,11,1,0,0
liyuweihuo,2,1,0,0
lizexu123,2,2,14,0
lizexu123,3,1,4,0
lizexu123,11,1,1,1
lizhen-dlut,7,1,0,0
liziyi-gh,11,1,0,0
ljh-coder,3,2,24,0
ljmphp,8,1,0,0
lk1983823,4,1,0,0
lkocok,4,1,0,0
lksharing0208,5,1,0,0
lllxxzzzzz,1,1,0,0
lm91888,11,1,0,0
lmw0320,7,2,0,0
lmy235638,5,1,0,0
lokeycookie,2,2,0,0
lona-cn,10,1,1,0
longer3436,5,1,0,0
longsy316,11,1,0,0
loongsun,11,1,0,0
loongxd,7,1,0,0
loseboy001,4,2,0,0
lousika,1,1,0,0
lovychen,7,2,0,0
lovychen,8,1,0,0
lrjxgl,4,2,0,0
lrjxgl,9,1,0,0
lsch0lz,5,1,6,0
lsm140,1,1,0,0
lsx66,3,3,0,0
ltbd78,5,1,0,0
ltcs11,3,1,0,0
ltcs11,4,1,0,0
ltj19900609,7,1,0,0
lucasjinreal,5,1,0,0
lucasjinreal,6,1,0,0
luckystar5408,5,1,0,0
lugimzzz,3,1,1,1
luguoyixiazi,11,1,0,0
luhui,11,1,0,0
luluailinlin,3,2,0,0
lululiu2323,5,2,0,0
lunalulu,1,1,0,0
luoshiyong,6,2,0,0
luotao1,6,1,10,7
luozeyu1015,3,1,0,0
luwei-nuaa,9,1,0,0
luweiYES,7,1,0,0
luweiagi,5,1,0,0
luyan518,6,1,0,0
luyao-cv,2,1,0,0
luyao-cv,10,2,0,0
luyao-cv,11,1,1,3
luyao-cv,12,1,10,11
lvrh2018,4,1,0,0
lvrh2018,5,1,0,0
lvxqjp,6,1,0,0
lwgkzl,2,1,0,0
lwtgithublwt,3,1,0,0
lx1054331851,9,1,0,0
lxd-cumt,3,1,0,0
lxh111,1,1,0,0
lxin49,12,1,0,0
lxn96,7,1,0,0
lxw316830,3,1,0,0
ly03240921,8,1,0,0
ly03240921,10,1,0,0
ly303550688,10,2,0,0
ly303550688,11,1,0,0
lyc728,10,1,0,0
lyc728,11,1,0,0
lyf6,5,1,0,0
lyl0809,12,1,0,0
lylkr,4,1,0,0
lyn-zzz,10,1,0,0
lytws,3,1,0,0
lyuwenyu,8,1,0,11
lyuwenyu,10,1,2,3
lyxxxyl,8,1,0,0
lyyilin,9,1,0,0
lznext,1,1,0,0
m5061125,4,1,0,0
m7mdhka,4,1,0,0
madagastar,3,1,0,0
magicendaver,1,2,0,0
magicleo,1,3,0,0
magicleo,2,1,0,0
magicleo,4,1,0,0
magicleo,7,1,0,0
mahaling,2,1,0,0
mahesh11T,3,2,0,0
mahesh11T,4,1,0,0
mailliw2010,10,1,0,0
maiquanshen,12,1,0,0
makaiyang,4,2,0,0
mandicc,5,2,0,0
mandog747,3,1,0,0
mandylyin,8,1,0,0
mandylyin,9,1,0,0
manongxiaobaigbc,12,2,0,0
manzhura,9,1,0,0
maowandong,1,1,0,0
marlin2023,4,1,0,0
marsbzp,1,1,0,0
marsbzp,3,2,0,0
marsbzp,4,2,0,0
marsbzp,12,1,0,0
maruko-china,6,1,0,0
masaladi,8,1,0,0
mattheliu,6,1,16,0
mayang002,1,1,0,0
maymay1982,9,1,0,0
mayun123,11,1,0,0
mayun123,12,3,0,0
mchen11,1,1,0,0
mcl-stone,11,1,0,0
megemini,1,1,0,0
megemini,4,1,0,0
megemini,6,2,2,0
megemini,10,3,12,0
megemini,12,1,3,0
meilovegui,5,1,0,0
melyssacheung,9,1,0,0
memedacn,9,1,0,0
menginbaidu,2,1,0,0
menginbaidu,3,1,0,0
menglingjie,11,1,0,0
mengxiangyu-png,4,1,0,0
mfq2003,8,1,0,0
mhanhmk,6,1,0,0
mhmhh404,12,1,0,0
michael-selvas,5,1,0,0
micromoon779,6,2,0,0
mike-egg123,12,1,0,0
mikeswf,6,1,0,0
mikezhuang2022,8,1,0,0
milely,7,1,0,0
minboo,5,1,0,0
ming2681,12,4,0,0
minghua-123,10,1,0,0
minghua-123,12,2,0,0
mingren8888,11,1,0,0
mingxingpu,3,2,0,0
minhduc01168,6,1,0,0
minushuang,1,1,0,0
minushuang,2,1,0,0
mirrorball799,2,1,0,0
mixml,11,1,0,0
mjx1999,4,1,0,0
mjz0110,9,1,0,0
mlfrd,1,1,0,0
mnbvcxzz1375,6,1,0,0
moanb,5,1,0,0
modderBUG,12,1,0,0
mohammedX6,9,1,0,0
moningjiang,5,2,0,0
monkeycc,1,2,0,0
monkeycc,2,2,0,0
monkeycc,4,2,0,0
monkeycc,5,2,0,0
monkeycc,7,1,0,0
monkeycc,9,1,0,0
monkeycc,10,2,0,0
monkeycc,11,3,0,0
monkeycc,12,2,0,0
monster-arch,12,1,0,0
monsterlyg,3,1,0,0
mookixiao,7,2,0,0
mookixiao,11,1,0,0
moosewoler,4,1,0,0
morego123,2,1,0,0
morego123,4,1,0,0
morego123,5,1,0,0
mos1es,10,2,0,0
moyanxinxu,12,1,0,0
mozeqiu123,10,1,0,0
mozeqiu123,11,1,0,0
mp075496706,4,1,0,0
mqy9787,9,1,0,0
mqy9787,11,1,0,0
mrchengshunlong,2,1,0,0
mrcx-pku,10,1,0,0
mriamnobody,3,1,0,0
mrlihellohorld,1,1,0,0
mrlihellohorld,7,1,0,0
mrljwlm,3,1,0,0
mrzjl,4,1,0,0
msarmiento3,6,1,0,0
mtahaayhan,3,1,0,0
muuda,4,1,0,0
muuda,5,3,0,0
muxuanliu,11,1,0,0
mxdg,10,2,0,0
mxdg,12,1,0,0
mxyqsh,1,1,0,0
myAhua,3,1,0,0
myBigbug,12,1,0,0
myboyliu2025,10,1,0,0
myhloli,6,1,4,0
myhloli,7,2,6,0
myhloli,10,1,0,0
myhloli,12,1,0,0
mypy98,3,1,0,0
mypy98,6,2,0,0
mzgcz,12,1,0,0
nam157,5,1,0,0
namaws,3,1,0,0
nannanmath,3,1,0,0
narc1ssus1,11,1,0,0
natureLanguageQing,8,5,0,0
navidog8888,7,1,0,0
nehashinde-canopy,3,1,0,0
nemon-,11,1,0,0
neo502721,2,2,0,0
neteroster,3,1,7,0
netsnakecn,12,1,0,0
newforrestgump001,3,1,0,0
ngc7292,6,1,0,0
nhannguyen1003,5,1,0,0
nicken,7,1,0,0
nicken,8,1,0,0
nicolaskodak,10,1,0,0
nielev,10,1,0,0
nielev,11,1,0,0
nikooooooooooooooooooo,5,1,0,0
nikooooooooooooooooooo,6,1,0,0
nimengxiao,8,1,0,0
nine-city,1,1,0,0
ningerlove,5,1,0,0
ninscious,7,1,0,0
nishirong,2,1,0,0
nissansz,2,2,0,0
nissansz,3,5,0,0
nissansz,4,27,0,0
nissansz,5,7,0,0
nissansz,6,11,0,0
nissansz,8,1,0,0
nissansz,10,2,0,0
nissansz,11,1,0,0
nitinashutosh,2,1,0,0
niushao12,9,1,0,0
njflove,3,1,0,0
njflove,4,1,0,0
njflove,11,3,0,0
njzjz,10,1,0,0
nku428,6,1,0,0
nlilili,10,1,0,0
noahdyp,12,1,0,0
noble-dreamer,7,1,0,0
nothingws,2,1,0,0
nothingws,3,1,0,0
nothingws,9,1,0,0
ntdgo,12,2,0,0
nvip12041994,9,1,0,0
nwjun,6,1,0,0
nwnuszu,7,1,0,0
nyh3174680732,6,2,0,0
nypyp,5,1,0,0
offsider2019,7,1,0,0
okusamaOwO,4,1,0,0
okusamaOwO,5,1,0,0
omaiyiwa,5,1,0,0
omaiyiwa,6,1,0,0
omeeragtoprak,7,1,0,0
omeruth,7,1,0,0
omp009,11,1,0,0
onecatcn,2,1,0,0
onecatcn,5,1,0,0
onecatcn,6,1,0,0
onecatcn,9,1,1,2
onenerve,8,1,0,0
onewaymyway,1,1,0,0
onlywl9598,4,1,0,0
ooooo-create,1,1,0,0
ooooo-create,4,1,2,0
ooooo-create,7,2,8,0
op-newman,3,1,0,0
openvino-book,9,1,0,0
openvino-book,10,3,0,0
orange2350,11,1,0,0
orangeLong,11,1,0,0
orderer0001,5,1,0,0
orq518,12,1,0,0
ouerum,10,1,0,0
ouerum,11,1,0,0
ouerum,12,1,0,0
outman,5,1,0,0
overloadedHenry,9,1,0,0
p0mp0us,3,1,0,0
paddle-models,2,1,4,0
panpeng840715,3,2,0,0
panshuaisharon,9,1,0,0
papandadj,7,1,0,0
papersuper,1,1,0,0
parap1uie-s,5,1,0,0
parap1uie-s,6,1,0,0
pariskang,1,1,0,0
paulpaul91,3,1,0,0
paulpaul91,7,1,0,0
pd162,1,1,0,0
peakgrin,11,2,0,0
peiqijiayou,2,1,0,0
peiwenYe,7,2,0,0
penPenf28,5,1,0,0
pengcheng-yan,1,1,0,0
pengcheng-yan,5,1,0,0
pengyang1225,5,1,0,0
phamkhactu,1,3,0,0
phamkhactu,9,1,0,0
phb-shiyige-fw,2,1,0,0
philosophy912,1,1,0,0
phpdancer,12,1,0,0
phphappy,8,1,0,0
phpxianyu,1,2,0,0
piarosebelledelapaz,4,4,0,0
piarosebelledelapaz,5,5,0,0
piarosebelledelapaz,6,3,0,0
pierre110,4,2,0,0
pinnnkman,1,1,0,0
piperino11,1,1,0,0
pipipiapia,12,1,0,0
pjd206,12,1,0,0
plotnine1219,4,2,0,0
plotnine1219,5,4,0,0
pluto-ljl,8,1,0,0
pobi123,4,1,0,0
pony5551,1,1,0,0
pphgood,9,2,0,0
ppsohandsome,2,1,0,0
prashant-saxena,2,2,0,0
primary-stu,5,1,0,0
priyanshudutta04,3,1,0,0
programmer-lxj,11,2,0,0
psychedelicosisyphus,3,3,0,0
puppyjn,6,1,0,0
purplesword,8,1,0,0
pvinhd,3,1,0,0
pxike,4,2,0,0
pzchu,4,1,0,0
pzchu,8,1,0,0
q313766934,7,1,0,0
q465414859,4,5,0,0
q465414859,5,2,0,0
q798269,4,1,0,0
qaz147okm,10,2,0,0
qfduli,9,1,0,0
qiangxinglin,2,1,0,0
qiangxinglin,3,1,0,0
qianze10078,2,1,0,0
qihanghou726,11,1,0,0
qin110,3,1,0,0
qingjingjue,4,1,0,0
qinhuangdaoStation,7,1,0,0
qinhuangdaoStation,8,1,0,0
qiuzhewei,10,3,0,0
qiuzhewei,11,1,0,0
qiuzhewei,12,1,0,0
qiyuezhiguang,9,1,0,0
qlprimer,11,1,0,0
qq504692520,2,1,0,0
qsedr,12,1,0,0
quantbruce,1,1,0,0
quanzhang2020,6,1,0,0
quanzhang2020,7,1,0,0
qukeji,1,1,0,0
quqianlong,10,1,0,0
qurikuduo,12,1,0,0
qwedc001,2,1,0,0
qxfoxin,4,3,0,0
qybing,7,1,0,0
qzylalala,5,1,0,0
qzylalala,7,1,0,0
raining-dark,1,1,1,0
rainote2020,11,1,0,0
rajashekar-2002,4,1,0,0
rakiwine,4,1,0,0
ramdhan1989,12,2,0,0
raoyi,7,1,0,0
raoyutian,1,1,0,0
raoyutian,7,1,0,0
rayLemond,10,2,0,0
razor7788,10,1,0,0
reBiocoder,8,2,0,0
reeered,3,2,0,0
reeered,4,1,0,0
reese-lee1,8,2,0,0
reese-lee1,11,1,0,0
relaxtheo,12,1,0,0
rememberBr,1,2,0,0
renliangxa,7,1,0,0
renoyuan,9,2,0,0
renshujiajia,1,3,0,0
renshujiajia,3,2,0,0
renshujiajia,4,1,0,0
rexzhengzhihong,1,1,0,0
rexzhengzhihong,3,3,0,0
rexzhengzhihong,4,1,0,0
rical730,4,1,2,3
richardgohth,3,2,0,0
richardgohth,7,1,0,0
richikaP,7,1,0,0
risemeup1,5,1,0,1
risemeup1,10,1,3,7
riyajatar37003,7,1,0,0
rjhuang09,3,1,0,0
rlewkowicz,8,3,0,0
robertoding,4,1,0,0
robertoding,9,1,0,0
robotJie,6,1,0,0
robvoid,4,1,0,0
rongyixiao180319,5,1,0,0
rook1337,2,1,0,0
rookieLiu2018,11,2,0,0
rookieLiu2018,12,1,0,0
rsj123,4,2,4,0
rsj123,5,1,3,0
rsong0606,1,1,0,0
rudra0713,5,1,0,0
ruisunyc,11,1,0,0
ruleilong,9,1,0,0
runzhech,1,2,3,0
runzhech,2,1,0,0
runzhech,4,3,1,0
runzhech,11,1,0,0
ruoclio,4,1,0,0
ryx2,3,2,0,0
ryy321,7,1,0,0
sWenzhuo,5,1,0,0
saanvib13,4,1,0,0
saanvib13,5,4,0,0
sadays22,8,2,0,0
saikrishna431,2,1,0,0
saikrishna431,3,1,0,0
sajdlkasj,3,1,0,0
samthakur587,1,1,0,0
samthakur587,2,1,0,0
sanbuphy,6,6,0,0
sandzone,3,1,0,0
sanersbug,8,1,0,0
sarth1110,2,1,0,0
sattlelite,1,1,0,0
satvik-27199,5,1,0,0
saurabhmali1,5,1,0,0
savikko,5,1,0,0
savio1999,9,1,0,0
saysbye,7,2,0,0
sbing2000,5,1,0,0
sculyd,5,1,0,0
scutfrank,8,1,0,0
sdcb,3,2,0,0
sdcb,6,1,0,0
sdflkjssl,5,1,0,0
sdreamforchen,1,1,0,0
sdreamforchen,8,1,0,0
sdreamforchen,12,2,0,0
sdvina,1,1,0,0
sealoongleft,3,3,0,0
sealoongleft,4,4,0,0
sealoongleft,5,2,0,0
sealoongleft,6,1,0,0
sealoongleft,11,3,0,0
sealoongleft,12,8,0,0
seapolite,8,1,0,0
seastronger,3,2,0,0
seeeyou,5,1,0,0
seetimee,2,2,0,0
seetimee,3,2,0,0
sensenforever,12,1,0,0
senyousanmu,2,1,0,0
sg0771,6,1,0,0
sgAlbanC,2,1,0,0
sgAlbanC,4,1,0,0
sgAlbanC,8,1,0,0
sgAlbanC,10,2,0,0
shadedbluebird,7,3,2,0
shadedbluebird,8,1,10,0
shadow-wxh,12,1,0,0
shallow10,8,1,0,0
shallow10,12,1,0,0
shang-mt,9,3,0,0
shang-mt,10,1,0,0
shangshanruowo,1,4,0,0
shangshanruowo,2,2,0,0
shanyuaa,6,2,0,0
shao77622,3,1,0,0
shaoping1t,4,1,0,0
shatang123,12,1,0,0
sheiy,5,4,0,0
sheiyaoligun,8,1,0,0
shelly-angel,5,1,0,0
shengzhe8688,1,1,0,0
shilizhongyuan,6,1,0,0
shininglxj,11,1,0,0
shiqian1016,4,1,0,0
shiwenliang,6,1,0,0
shiwenliang,7,2,0,0
shiyutang,2,1,0,6
shreejalt,7,1,0,0
shreejalt,10,1,0,0
shrek-dior,7,1,0,0
shuaidaipeng,5,1,0,0
shudct,7,1,0,0
shuihsaiu,4,1,0,0
silas-yy,2,2,0,0
silence-pan84,11,1,0,0
sinajia,3,1,0,0
sinopec,3,1,0,0
sisrfeng,1,1,0,0
sisrfeng,2,1,1,0
sjchen,9,1,0,0
skming666,1,1,0,0
skming666,2,1,0,0
skwskwskwskw,2,1,0,0
skyimager,8,1,0,0
skywalk163,2,1,0,0
skywalk163,6,1,0,0
sloyqi,3,2,0,0
sloyqi,5,1,0,0
smalie2222,4,2,0,0
smallbenxiong,6,1,0,0
sniperwrb,2,1,0,0
snow77,7,1,0,0
snowcakkke,1,2,0,0
sobrilliant1,6,1,0,0
socay1,7,1,0,0
sokrypton,9,1,0,0
solivara,4,1,0,0
songjunming13,2,1,0,0
songjunming13,3,1,0,0
songsurging,1,1,0,0
sorehadokanajw,10,1,0,0
sorryhyun,2,1,0,0
soulocy,3,1,0,0
spantarXP,5,1,0,0
spencer19970522,5,1,0,0
spiderZhengLi,3,1,0,0
springbootyp,2,1,0,0
sq1139172570,10,1,0,0
ss7458,7,1,0,0
sserdoubleh,1,1,0,0
sserdoubleh,2,1,0,0
sssjc666,3,1,0,0
ssyy398,11,1,0,0
starhot,8,1,0,0
stccorp,5,1,0,0
stephen-TT,8,1,0,0
stephen-TT,9,1,0,0
stephen-TT,11,3,0,0
stormchen-cell,9,1,0,0
stringency,5,3,0,0
subhankardori,5,2,0,0
subhankardori,6,1,0,0
successfulbarrier,7,2,0,0
sugarandgugu,4,1,0,0
sulv9999,6,1,0,0
summeryqliu,12,1,0,0
sun-rabbit,2,1,0,0
sunbigdog,8,1,0,0
sunbopython,1,3,0,0
sunmer1rain,7,1,0,0
sunway86,5,1,0,0
sunyclj,9,2,0,0
sunyclj,11,2,0,0
sunzhongkai588,1,2,0,0
sunzhongkai588,3,6,0,0
sunzhongkai588,4,1,0,0
sunzhongkai588,6,1,0,0
sunzhongkai588,8,2,0,0
sunzhongkai588,9,3,2,3
sunzhongkai588,11,1,0,0
sunzx8,11,1,0,0
superdu12138,10,1,0,0
supermanfeng,3,1,0,0
suresh-saini,4,1,0,0
suxuanning,6,1,0,0
suzakuwcx,11,1,0,0
swandxmr,11,1,0,0
swap453,6,1,0,0
swfclyb,5,1,0,0
swift-fs,3,1,0,0
swingfer,3,1,0,0
swithmn1,12,2,0,0
swo026,7,1,0,0
swy0823,5,1,0,0
sxk000,11,1,0,0
sy-l123,2,1,0,0
sy-l123,3,4,0,0
sy-l123,5,1,0,0
syemichel,7,2,0,0
syge,7,1,0,0
syge,8,1,0,0
syge,11,3,0,0
sysofai,4,1,0,0
szh1213,4,1,0,0
szhllyyl,2,2,0,0
szwlh-c,12,1,0,0
szz1211,11,1,0,0
tairen99,4,1,0,0
tammy-na,2,1,0,0
tammy-na,3,1,0,0
tammy-na,10,1,0,0
tang9527,5,1,0,0
tang9527,6,1,0,0
tangfengray,8,1,0,0
tangh146,5,1,0,0
tangweidali,2,1,0,0
tangzhihu,4,1,0,0
tanjunchen,7,1,0,0
taoxunqiang,2,1,0,0
teletian,2,1,0,0
tendzzss,10,1,0,0
terrencew,2,2,0,0
terrencew,10,1,0,0
terrencew,11,1,0,0
thb10086,7,1,0,0
thehzzz,2,1,0,0
thehzzz,7,1,0,0
thejiangcj,1,1,0,0
think4code,2,1,0,0
think4j,4,1,0,0
tiancaitzp,1,1,0,0
tianchiguaixia,1,1,0,0
tianchiguaixia,6,2,0,0
tiandao011,8,1,0,0
tianjiahao,6,1,0,0
tianjiahao,7,1,0,0
tianliye6,1,3,0,0
tianmingxing,12,1,0,0
tianrenheyi09,3,1,0,0
tianshuo78520a,7,1,8,0
tianv,7,1,0,0
tianwenzhe,3,2,0,0
tianwenzhe,12,2,0,0
tianyuzhou668,5,1,0,0
tiesanguaixia,3,1,0,0
tigerdhl,11,1,0,0
tigflanker,1,1,0,0
tigth,3,1,0,0
timdeveloper25,8,1,0,0
timfengzi,7,1,0,0
timlliu,3,1,0,0
tink2123,1,1,17,25
tinyxia,3,1,0,0
tjdster,3,2,0,0
tjdster,4,1,0,0
tjdster,6,4,0,0
tjpgt,10,1,0,0
tms2003,5,2,0,0
tms2003,6,1,0,0
tofutim,11,1,0,0
tofutim,12,1,0,0
tohsakask,3,1,0,0
tomjimi2019,7,3,0,0
tongda,3,1,0,0
tongfengqi,11,2,0,0
tph113,11,1,0,0
triple-Mu,7,1,0,0
triumph,11,1,0,0
triumphHe,5,1,0,0
tsongsun,5,1,0,0
tsrdsy,12,1,0,0
tszxyuan123,11,1,0,0
ttanlocc,1,1,0,0
ttkrpink,3,1,0,0
tuan-vmt,3,1,0,0
tvone,10,1,0,0
txy00001,1,3,0,0
txy00001,2,1,0,0
tyfcscgood,7,1,0,0
tzhang2014,1,1,0,0
tzktok,6,4,0,0
tzktok,10,1,0,0
tzktz,1,1,0,0
tzktz,3,1,0,0
tzktz,4,2,0,0
ucsk,10,1,0,0
uiosun,10,1,0,0
uiuinj,3,1,0,0
ultramangod,7,1,0,0
umarbutler,8,2,1,0
umarbutler,9,1,0,0
umayrh,2,1,0,0
uniqlo1,7,1,0,0
uniqlo1,8,1,0,0
uniquecdmx,3,2,0,0
uniquecdmx,4,1,0,0
uniquecdmx,5,1,0,0
uniquecdmx,6,1,0,0
universea,7,1,0,0
uniyushu,3,1,0,0
usermanewhy,3,1,0,0
username12021202,6,2,0,0
v-shaoningli,8,1,0,0
vasujoshi111,3,1,0,0
veyron95,7,1,0,0
vicdxxx,12,1,0,0
vikasr111,2,1,0,0
violetweir,2,1,0,0
violetweir,4,1,0,0
violetweir,11,1,0,0
vision1v1,10,2,0,0
vlavorini,4,1,0,0
vlavorini,5,2,0,0
void285,5,3,0,0
vongocminh778,6,1,0,0
vuthehuy1997,11,1,0,0
vuthehuy1997,12,1,0,0
w4yne,3,1,0,0
w5688414,1,1,0,5
w5688414,4,3,5,1
w5688414,5,3,6,0
w5688414,6,1,0,0
waarmond,5,1,0,0
walaiwalai,10,1,0,0
walkalone20,5,1,2,0
wang-kangkang,7,1,0,0
wang-qa,4,1,0,0
wang-tf,11,1,0,0
wang304381190,8,1,0,0
wangdach,12,1,0,0
wangfeiyun,4,1,0,0
wanggp01,5,1,0,0
wangguan1995,6,6,0,0
wangguan1995,7,1,0,0
wangguan1995,11,1,0,0
wanghao19970205,1,1,0,0
wanghaoran-ucas,3,1,0,0
wanghaoshuang,6,1,0,0
wanghome940208,4,1,0,0
wanghonen,8,2,0,0
wangkd0,4,3,0,0
wanglunhui2012,5,1,0,0
wangna11BD,7,1,0,0
wangna11BD,8,1,5,0
wangpanpan-neu,8,1,0,0
wangqingpen,9,4,0,0
wangshijia523,3,1,0,0
wangwenqi567,12,1,0,0
wangyexiang,4,1,0,0
wangyu1984,5,2,0,0
wangzy0327,7,2,0,0
wangzy0327,9,2,0,0
wangzy0327,11,1,0,0
wanshichenguang,3,2,0,0
wanx7130,1,1,0,0
wanzghen0123,3,2,0,0
wapping,3,1,0,0
wasd-lvlong,11,1,0,0
wastom,10,1,0,0
watersoft123,5,1,0,0
watertianyi,3,8,0,0
watertianyi,4,3,0,0
watertianyi,5,5,0,0
wdi-nancy,4,1,0,0
weartist,7,1,0,0
wei-ma,6,1,0,0
weibinlee08,4,1,0,0
weidongzhou1994,2,1,0,0
weifang74,5,1,0,0
weiming12345,4,2,0,0
weiming12345,5,1,0,0
weirman,1,2,0,0
weirman,5,1,0,0
weiweiwei010119,5,1,0,0
weiwujiang,9,1,0,0
wellknownengineer,1,1,0,0
welsonzhang,9,5,0,0
welsonzhang,10,3,0,0
wencan,5,1,0,0
wencan,6,1,4,0
wencan,9,1,0,0
wenheLuan,2,1,0,0
wenhuiwwh,12,1,0,0
wenshuaishuai123,6,1,0,0
wenshuaishuai123,12,2,0,0
wensimin,8,1,0,0
wenxinmomo,12,3,0,0
wenzhu2018,9,4,0,0
westfish,1,1,0,0
westfish,2,4,0,0
westfish,10,1,0,0
wh403948123,3,1,0,0
wh403948123,4,1,0,0
whisky-12,8,1,0,0
whisky-12,9,2,0,0
whisky-12,12,1,0,0
whwususu,10,3,0,0
whwususu,12,1,0,0
whxuexi,8,1,0,0
whysirier,4,1,0,0
whysirier,5,3,0,0
wietisson,4,1,0,0
wikithink,4,1,0,0
williamPENG1,11,1,0,0
willingtolove,11,1,0,0
windyxie81,12,1,0,0
winkinwong,5,1,0,0
winnie1228,1,1,0,0
wj-Mcat,1,1,2,3
wjizhong,1,1,0,0
wjjook,3,1,0,0
wjli-debug,2,1,0,0
wkywwds,5,1,0,0
wmlgl,3,1,0,0
wmy10128,1,2,0,0
wn0x00,6,1,0,0
wojiaoshihua,4,1,0,0
wojiaoshihua,7,6,0,0
wojiaoshihua,8,4,0,0
wonders7796,3,1,0,0
woodboard,3,1,0,0
woodenwatcher,3,1,0,0
woodenwatcher,4,2,0,0
world1tree,9,1,0,0
wqw547243068,12,2,0,0
wrench1997,10,1,0,0
wsdxyz,6,1,0,0
wsloong,6,1,0,0
wstchh,3,3,0,0
wstchh,10,2,0,0
wstchh,12,1,0,0
wstealth3,2,1,0,0
wufan-tb,5,1,0,0
wujf147,6,1,0,0
wujf147,10,5,0,0
wujf147,11,2,0,0
wujingxin521,7,1,0,0
wujingxin521,11,1,0,0
wulei123456789,9,1,0,0
wuliujin,11,2,0,0
wuxiaolianggit,1,1,0,0
wuys1,2,1,0,0
wuys1,9,1,0,0
wwfra,10,1,0,0
wwma,8,3,0,0
wwma,9,3,0,0
wwma,10,1,0,0
wwma,11,2,0,0
wwwlps,9,1,0,0
wwwqllll,12,1,0,0
wwwstudyeveryday,3,1,0,0
wwwstudyeveryday,6,1,0,0
wxf764571829,1,1,0,0
wxf764571829,2,3,0,0
wxiy1994,1,1,0,0
wxzwxz131,4,1,0,0
wydahai-afk,11,1,0,0
wytyl13,5,2,0,0
wyzh0912,1,1,0,0
wzd129,8,2,0,0
wzg722,12,1,0,0
wzz981,8,1,0,0
xaclincoln,1,1,0,0
xaclincoln,3,1,0,0
xamapl99,3,1,0,0
xbkaishui,2,1,0,0
xc005,9,1,0,0
xc005,11,2,0,0
xcjcb001,10,1,0,0
xcmonline,1,1,0,0
xdchuan011209,1,1,0,0
xdd130,10,2,0,0
xdguo86,12,1,0,0
xdxd1234-bit,1,1,0,0
xgxiaog,5,1,0,0
xhshdjdk,2,1,0,0
xhzh11,7,1,0,0
xiahc,6,1,0,0
xiangfeidecao,3,1,0,0
xiankangW-gi,12,1,0,0
xianningblog,3,1,0,0
xiaocode337317439,4,1,0,0
xiaofeicn,4,1,8,0
xiaofeifei-1,3,1,0,0
xiaogui340,2,1,0,0
xiaoguoguo626807,5,1,3,2
xiaohaifen,10,1,0,0
xiaohan-W,5,2,0,0
xiaohongri,11,1,0,0
xiaohongri,12,1,0,0
xiaohundun,4,1,0,0
xiaohuzi1996,3,1,0,0
xiaojinglu,5,1,0,0
xiaolei543,2,1,0,0
xiaoli0822,5,1,0,0
xiaolongking,8,2,0,0
xiaolongzhuanshi,4,1,0,0
xiaolongzhuanshi,5,2,0,0
xiaoluomi,3,1,0,0
xiaoming-master,3,2,0,0
xiaomujiang,10,1,0,0
xiaoniv,12,2,0,0
xiaoqiqiya,8,1,0,0
xiaoshizikkd,12,1,0,0
xiaowang-xuexiji,3,1,0,0
xiaowen0407,10,2,0,0
xiaoxianyu12,5,1,0,0
xiaoxianyu12,6,2,0,0
xiaoxiaotom,11,1,0,0
xiaoxifuhongse,5,2,0,0
xiaoxinmiao,6,1,0,0
xiaoyelj,3,1,0,0
xiaoyewww,5,1,4,0
xiaoyewww,6,1,2,0
xiaozuxin,4,1,0,0
xiebaiyuan,2,1,0,0
xiefuwei390,4,2,0,0
xiejingchao,8,1,0,0
xielongzhu,1,1,0,0
xielongzhu,7,1,0,0
xieshuaix,7,2,0,0
xillee,7,1,0,0
xillee,10,1,0,0
xing-bing,6,1,0,0
xingfenghaizeiwang,4,2,0,0
xinheblue,5,1,0,0
xiuechen,2,2,0,0
xjune123,5,1,0,0
xla145,6,1,0,0
xldistance,6,1,0,0
xlg-go,9,2,0,0
xll426,11,1,0,0
xlz2004,3,1,0,0
xn3469010,3,1,0,0
xolbynz,2,1,0,0
xsbrsg,4,2,0,0
xsbrsg,8,1,0,0
xt12345667,3,1,0,0
xudh1991,3,1,0,0
xuehy,4,1,0,0
xuesu,10,2,0,0
xujiang1,12,5,0,0
xukui1203,12,1,0,0
xuwinrar,4,1,0,0
xuxinyi389,7,1,0,0
xxPete,1,1,0,0
xxWeiDG,3,2,0,0
xxch,1,2,0,0
xxxyyycc,11,1,0,0
xzh929,12,1,0,0
xztzmr,4,1,0,0
y-yunheng,7,1,0,0
y3267,5,1,0,0
yagn0304,2,1,0,0
yalbaba,11,1,0,0
yanchujian,2,1,0,0
yancyxu,12,1,0,0
yang1111-ctrl,3,1,0,0
yangguoer,8,2,0,0
yangguoer,10,1,0,0
yangguohao,9,1,0,0
yangguohao,11,1,3,0
yangguoping123,3,2,0,0
yangnianen,3,1,0,0
yangqiheng2019,12,1,0,0
yangy996,1,3,0,0
yangy996,4,1,0,0
yangy996,5,1,0,0
yanjintao,1,1,0,0
yanming499,5,1,0,0
yanyide123,8,1,0,0
yanziwu621,10,1,0,0
yaobaishen,5,1,0,0
yaojun10086,5,2,0,0
yaphet266,1,1,0,0
yaphet266,2,1,0,0
yaphet266,3,3,0,0
yaphet266,4,1,0,0
yaphet266,10,4,0,0
ybbbbb123,7,1,0,0
ydsjeff2020,3,1,0,0
yeahyangbin,5,1,0,0
yedaotian9,7,1,0,0
yedaotian9,8,1,0,0
yeyupiaoling,1,1,0,0
yeyupiaoling,2,1,0,0
yeyupiaoling,4,1,0,0
yeyupiaoling,10,2,0,0
yeyupiaoling,11,1,0,0
yfq512,10,1,0,0
ygxdx,4,1,0,0
yhl41001,6,1,0,0
yhw2003,12,1,0,0
yidu0924,4,1,0,0
yidu0924,6,1,0,0
yidu0924,7,1,0,0
yili3366,2,1,0,0
yilong2001,4,1,0,0
yilong2001,5,1,0,0
yimingdingqq,10,1,0,0
yimuchunshu,9,2,0,0
yimuu,7,4,0,0
yimuu,8,1,0,0
yimuu,11,2,0,0
yinfan98,11,1,3,0
yingmeng123,12,2,0,0
yiyuhewei,3,1,0,0
yjszyd0813,4,1,0,0
ykinger1,11,2,0,0
yl2982,10,1,0,0
ymy1005,2,1,0,0
ymy1005,5,3,0,0
yogi0421,7,1,3,0
yoliax,9,1,0,0
yongcong1415,7,1,0,0
yongqiangma,12,1,0,0
yootou,1,2,0,0
youngdream11,11,1,0,0
yourbikun,11,1,0,0
yoyalin,5,1,0,0
yscolc,2,1,0,0
yscolc,5,1,0,0
yski,9,1,0,0
yss0729,6,1,0,0
yst-one,2,1,0,0
yu1176887527,5,2,0,0
yuanlehome,2,1,2,3
yuanzhibin,4,1,0,0
yubuyuabc,2,2,0,0
yuguo-Jack,1,1,0,0
yuhai5237,3,1,0,0
yuhao0926,1,1,0,0
yuhou0814,9,1,0,0
yujianxing,3,1,0,0
yujunhuics,8,2,0,0
yulf,4,1,0,0
yuluzhong,11,5,0,0
yumianhuli2,4,1,0,0
yumin066,6,1,1,0
yun-zero,3,1,0,0
yunc0701,11,1,0,0
yunnan66,10,1,0,0
yunwuhen,5,1,0,0
yunyu18,3,1,0,0
yuqilol,7,1,0,0
yurinapoleon,4,2,0,0
yuuuuk0,4,2,0,0
yuuz233,6,1,0,0
yuwiggin,7,1,0,0
yuxin233,3,1,0,0
yuyaolongwyyx,7,1,0,0
yuyu990116,11,2,0,0
yuyutao,4,1,0,0
yuyuyupg,8,1,0,0
yxl23,9,1,0,0
yyhlichao,11,1,0,0
yyok495,11,1,0,0
yysturdy,3,1,0,0
yywangfei,11,1,0,0
yza99016,11,1,0,0
yzhdut,1,1,0,0
yzhw9981,1,1,0,0
yzyMichael,9,1,0,0
yzyMichael,10,1,0,0
yzyMichael,12,1,0,0
z070204z,3,1,0,0
z754688651,3,1,0,0
zaoqilai,8,1,0,0
zbt78,2,1,5,0
zbt78,7,1,1,0
zbximo,5,1,0,0
zbximo,7,1,0,0
zcj234,3,1,0,0
zcswdt,8,3,0,0
zcswdt,9,2,0,0
zdj97,3,1,0,0
zdxzheng,2,1,0,0
zdxzheng,3,1,0,0
zealYOU,4,1,0,0
zealinux,1,1,0,0
zengweigit,9,3,0,0
zepingWww,1,2,0,0
zepingWww,6,1,0,0
zeroRains,5,1,0,0
zeroameli,3,1,0,0
zgy520,12,2,0,0
zgyj4532,11,1,0,0
zh82510,8,1,0,0
zhaizhch,9,1,0,0
zhang-jinqi,1,1,0,0
zhang-jinqi,2,1,0,0
zhang19523zhao,4,1,0,0
zhang19523zhao,8,1,0,0
zhang19523zhao,10,1,0,0
zhang19523zhao,11,2,0,0
zhangdd3537,9,1,0,0
zhanghao4917,1,1,0,0
zhanghengjiayou,4,3,0,0
zhanghengjiayou,7,1,0,0
zhanghengjiayou,8,2,0,0
zhanghuicuc,2,1,0,0
zhangjunhst,8,1,0,0
zhanglv0209,3,2,0,0
zhangqiqi1228,1,1,0,0
zhangqiqi1228,2,1,0,0
zhangrongxiang,9,1,0,0
zhangs-cedar,4,1,9,0
zhangshaotong,6,1,0,0
zhangtianshi6,7,1,0,0
zhangtingyun,7,1,0,0
zhangwei911,4,1,0,0
zhangxiangchn,7,1,0,0
zhangxiangchn,9,1,0,0
zhangxiangchn,10,1,0,0
zhangxianhe666,8,1,0,0
zhangxiaofan-star,8,1,0,0
zhangxiaokai111,4,2,0,0
zhangxiaokai111,5,2,0,0
zhangxiaokai111,6,2,0,0
zhangxiaoxuan39,5,1,0,0
zhangyubo0722,8,2,13,0
zhanland,6,2,0,0
zhaocanglong,2,2,0,0
zhaogf01,4,4,0,0
zhaogf01,5,2,0,0
zhaogf01,6,2,0,0
zhaogf01,7,2,1,0
zhaogf01,12,1,0,0
zhaohongpu,8,1,0,0
zhaohongpu,12,1,0,0
zhaolei2019,4,1,0,0
zhaonx,12,1,0,0
zhaop-l,12,1,0,0
zhaoqf-cq,4,1,0,0
zhaoying9105,6,1,0,0
zhaoyizhan,9,1,0,0
zhaoyongjiang,12,1,0,0
zhedahe,1,1,0,0
zhenhuamo,5,1,0,0
zhenhuamo,7,1,0,0
zhenligod,6,1,0,0
zhenzi0322,4,1,0,0
zhiminzhang0830,1,3,0,0
zhjcp,6,1,0,0
zhjian831129,1,1,0,0
zhly000,4,1,0,0
zhongmy20230403,6,2,0,0
zhongmy20230403,7,1,0,0
zhougx88,3,3,0,0
zhouhao27,4,1,0,0
zhoujing21611,8,1,0,0
zhoujun0715,3,1,0,0
zhoutianzi666,6,1,1,1
zhouyiminga,6,1,0,0
zhouzhao01,7,1,0,0
zhouzilong121,3,1,0,0
zhudequan9,8,4,0,0
zhudequan9,9,1,0,0
zhujun5164,7,1,0,0
zhurou603,1,3,0,0
zhuxiaobin,2,1,0,0
zhuxiaobin,3,5,0,0
zhw511006,3,1,0,0
zhwesky2010,2,1,0,0
zhwesky2010,6,1,0,0
zhxie,6,1,0,0
zhys513,4,1,0,0
ziFan99,12,2,0,0
zizai110,12,1,0,0
zj114514,4,1,0,0
zjbistu,8,1,0,0
zjlw,11,2,0,0
zjy888688,10,1,0,0
zkq-afk,12,1,0,0
zlbcosby,5,1,0,0
zlsh80826,3,3,0,0
zmxccxy,6,1,0,0
znss2012,5,1,0,0
zoelulur,10,1,0,0
zoey731,5,1,0,0
zongking123,1,2,0,0
zongking123,5,1,0,0
zouhan6806504,1,1,0,0
zouhan6806504,3,1,0,0
zouhan6806504,5,1,0,0
zouhan6806504,6,2,0,0
zouhan6806504,7,1,0,0
zouhan6806504,8,1,0,0
zouhan6806504,9,4,0,0
zouhan6806504,10,1,0,0
zouhan6806504,12,1,0,0
zpbrent,2,1,0,0
zqWu,7,1,0,0
zqszqszqstvt,8,2,0,0
zrg0712,4,1,0,0
zrg0712,6,2,0,0
zrr1999,1,1,0,0
zrr1999,11,1,3,1
zsan2023,7,1,0,0
zsczszsc,5,2,0,0
zty-king,9,2,3,0
zuanzuanshao,8,1,0,0
zuishenke123,4,1,0,0
zuonidelaowang,5,1,0,0
zwf159,11,1,0,0
zwshan,4,1,0,0
zwy-0766,12,3,0,0
zwz4949,3,1,0,0
zx-lhb,2,1,0,0
zx-lhb,6,1,0,0
zx-lin-0825,11,1,0,0
zx214,12,1,0,0
zx4java,12,1,0,0
zxj11zxj11zxj11,2,1,0,0
zxj11zxj11zxj11,3,1,0,0
zxj329,11,1,0,0
zyckk4,4,1,0,0
zydshizhu,12,1,0,0
zyk23333,4,1,0,0
zyz207,5,1,0,0
zyzyzyzyzyzyzyzyzyzy,12,1,0,0
zzcqinag,12,1,0,0
zzh805780186,5,1,0,0
zzk2021,10,3,0,0
zzl777,6,2,0,0
zzleaning,8,1,0,0
zznnxx,12,1,0,0
zzwtop1,4,1,0,0
zzwtop1,10,1,0,0
zzx867,10,1,0,0
zzzzzpc,3,1,0,0
zzzzzz0407,1,1,0,0
007-LWYing,5,0,2,0
007-LWYing,6,0,1,0
0x3878f,10,0,2,0
0x3878f,11,0,6,0
0x3878f,12,0,1,0
0x45f,2,0,1,1
0x45f,6,0,1,0
0x45f,7,0,1,0
0x45f,8,0,3,1
0x45f,9,0,3,1
0x45f,10,0,1,0
15380831711,4,0,3,0
1Q43,3,0,2,0
1chimaruGin,4,0,16,0
2742195759,4,0,1,0
2742195759,6,0,1,0
6clc,3,0,2,1
6clc,4,0,2,3
6clc,5,0,3,3
8baby8,5,0,1,0
974650904,4,0,7,0
A-nnonymous,11,0,1,0
A-nnonymous,12,0,1,0
ADream-ki,4,0,1,0
Afjes,9,0,5,0
AlbinZhu,2,0,4,0
Albresky,11,0,1,0
Alex-0x7C00,7,0,4,0
Alex37882388,11,0,1,0
AlexPasqua,5,0,11,0
AlexPasqua,11,0,1,0
AliBasarann,3,0,7,0
AmberC0209,10,0,30,0
AmberC0209,11,0,12,0
AmberC0209,12,0,15,0
AndPuQing,9,0,2,0
AndPuQing,10,0,1,0
AndPuQing,11,0,1,0
AndSonder,1,0,2,0
AndSonder,5,0,2,0
AndSonder,8,0,1,0
AndSonder,9,0,2,0
AndSonder,10,0,1,0
AndSonder,11,0,1,0
AndSonder,12,0,2,0
Aoraki-Dream,9,0,4,0
ApricityXX,4,0,1,0
ArtificialZeng,8,0,1,0
Asthestarsfalll,6,0,7,0
Asthestarsfalll,9,0,3,0
Aurelius84,1,0,2,3
Aurelius84,4,0,1,1
Aurelius84,5,0,4,6
Aurelius84,6,0,6,0
Aurelius84,9,0,1,0
Azzer8,7,0,6,0
BHmingyang,7,0,2,0
BUJIQI,12,0,1,0
BeingGod,3,0,1,0
Birdylx,4,0,7,6
Birdylx,5,0,24,4
Birdylx,6,0,2,0
Birdylx,7,0,4,3
Birdylx,8,0,8,5
Birdylx,11,0,1,0
BiynXu,1,0,3,0
BiynXu,2,0,2,1
BiynXu,7,0,1,1
BiynXu,9,0,2,2
BluebirdStory,11,0,1,0
BluebirdStory,12,0,5,0
Bobholamovic,2,0,2,1
Bobholamovic,3,0,2,0
Bobholamovic,5,0,4,16
Bobholamovic,7,0,21,12
Bobholamovic,10,0,1,3
Bobholamovic,11,0,5,2
Bobholamovic,12,0,1,5
C1tas,9,0,7,0
CJ77Qi,6,0,1,0
CannotBeFatAnyMore,5,0,3,0
CannotBeFatAnyMore,6,0,6,0
CannotBeFatAnyMore,7,0,10,0
Caogration,7,0,1,0
Caogration,9,0,1,0
ChengNanFlower,10,0,3,0
Chris-godz,11,0,1,0
Coobiw,11,0,1,0
Courtesy-Xs,1,0,2,3
CrazyBoyM,6,0,1,0
D-DanielYang,7,0,1,1
D-DanielYang,10,0,1,1
D0m021ng,1,0,11,10
D0m021ng,2,0,1,1
D0m021ng,4,0,1,0
D0m021ng,6,0,3,0
DDDivano,7,0,3,4
DDDivano,9,0,3,5
DanGuge,1,0,1,0
DanGuge,4,0,1,0
Deleter-D,7,0,2,0
Deleter-D,9,0,1,0
DesmonDay,1,0,3,0
DesmonDay,2,0,7,1
DesmonDay,3,0,3,2
DesmonDay,4,0,1,1
DesmonDay,5,0,3,2
DesmonDay,6,0,3,3
DesmonDay,7,0,4,3
DesmonDay,8,0,6,6
DesmonDay,10,0,5,2
DesmonDay,11,0,3,1
DesmonDay,12,0,2,1
Difers,2,0,2,0
Difers,3,0,2,0
Difers,4,0,1,0
Difers,7,0,1,0
Dmovic,3,0,1,0
Dmovic,5,0,2,0
Dmovic,9,0,1,0
Dmovic,11,0,1,0
DrRyanHuang,5,0,1,0
DrRyanHuang,11,0,1,0
DrownFish19,1,0,6,0
DrownFish19,5,0,2,0
DrownFish19,8,0,2,4
DrownFish19,10,0,6,2
DrownFish19,11,0,2,1
DrownFish19,12,0,1,0
Eacient,5,0,1,0
EmmonsCurse,6,0,1,13
EmmonsCurse,7,0,3,5
EnflameGCU,11,0,4,0
EnflameGCU,12,0,5,0
ErnestinaQiu,12,0,1,0
Fantasy-02,12,0,1,0
FeixLiu,1,0,2,2
FeixLiu,4,0,1,0
FeixLiu,11,0,2,0
FeixLiu,12,0,1,1
Feng1909,9,0,5,0
FlyTOmeLight,11,0,1,0
FocusLuo,12,0,3,0
ForFishes,2,0,2,0
ForFishes,3,0,4,0
ForFishes,6,0,1,0
ForFishes,8,0,3,0
ForFishes,10,0,4,0
ForFishes,11,0,4,0
Fridge003,4,0,1,0
Fripping,7,0,1,0
Fripping,8,0,2,0
From00,2,0,2,1
From00,4,0,2,1
From00,5,0,2,2
From00,9,0,1,4
From00,12,0,1,1
Function-Samuel,11,0,1,0
GGBond8488,1,0,1,0
Galaxy1458,2,0,2,0
Galaxy1458,4,0,6,1
Galaxy1458,5,0,5,2
GhostScreaming,1,0,1,0
GhostScreaming,2,0,1,0
GhostScreaming,4,0,1,0
Gmgge,8,0,2,0
GoldenStain,12,0,4,0
GreatV,3,0,5,0
GreatV,7,0,36,61
GreatV,9,0,9,4
GreatV,10,0,9,24
GreatV,12,0,4,6
Guanhuachen2003,7,0,1,0
Guanhuachen2003,8,0,1,0
GuoxiaWang,2,0,1,0
GuoxiaWang,3,0,1,1
GuoxiaWang,5,0,1,0
GuoxiaWang,6,0,1,0
GuoxiaWang,9,0,6,0
GuoxiaWang,10,0,2,1
GuoxiaWang,12,0,4,0
Hanyonggong,7,0,1,0
Hanyonggong,8,0,1,0
Hanyonggong,9,0,1,0
Hanyonggong,10,0,3,0
Hanyonggong,11,0,1,0
HarperCy,9,0,1,0
HarperCy,11,0,1,0
HertzHan,2,0,1,0
HertzHan,4,0,2,0
Hongqing-work,4,0,1,0
Hongqing-work,5,0,4,0
Hongqing-work,6,0,1,0
Hongqing-work,7,0,1,1
Hongqing-work,8,0,3,1
Hongqing-work,9,0,1,2
Hui-code06,10,0,1,0
HydrogenSulfate,1,0,1,0
HydrogenSulfate,3,0,2,0
HydrogenSulfate,5,0,1,0
HydrogenSulfate,8,0,1,1
HydrogenSulfate,9,0,3,1
HydrogenSulfate,11,0,2,7
Illustar0,10,0,1,0
InsaneOnion,6,0,1,0
JZ-LIANG,3,0,1,1
JZ-LIANG,5,0,2,1
JZ-LIANG,7,0,1,0
JZ-LIANG,9,0,1,2
JZ-LIANG,10,0,1,0
James4Ever0,1,0,2,0
Jeff114514,7,0,4,0
JesuisTong,12,0,1,0
JiaXiao243,4,0,7,7
JianyuLi01,12,0,2,0
JunnYu,4,0,1,0
KB-Ding,4,0,1,0
KB-Ding,5,0,1,0
KDZZZZZZ,10,0,1,0
Kayzwer,8,0,3,0
Ken-reddevil,6,0,4,0
Ken-reddevil,8,0,4,0
Kozmosa,10,0,1,0
LLee233,3,0,1,0
LLee233,4,0,2,0
LMLuo,11,0,2,0
LOVE-YOURSELF-1,2,0,2,0
Lans1ot,7,0,1,0
Lans1ot,8,0,1,0
Lans1ot,9,0,2,0
Layssy,9,0,1,0
Lemeri02,6,0,3,0
LeoZhao-Intel,12,0,3,0
Leoforever123,10,0,2,0
Li-Z-Q,7,0,2,0
Li-Z-Q,10,0,2,0
LiYuRio,1,0,3,4
LiYuRio,3,0,1,0
Liebele,6,0,1,0
LielinJiang,2,0,1,2
LielinJiang,4,0,4,0
LielinJiang,5,0,3,1
LielinJiang,6,0,4,1
LielinJiang,8,0,3,1
LielinJiang,12,0,7,0
LilaKen,12,0,3,0
LittleHeroZZZX,11,0,1,0
Liujie0926,1,0,1,0
Liujie0926,3,0,4,0
Liujie0926,4,0,5,4
Liujie0926,5,0,4,3
Liujie0926,11,0,1,0
Liujie0926,12,0,2,1
Liyulingyue,5,0,5,0
LokeZhou,12,0,4,2
Luohongzhige,7,0,1,0
Luohongzhige,8,0,1,0
Luohongzhige,9,0,1,0
MINGtoMING,8,0,2,0
Mangodadada,8,0,1,0
Mangodadada,10,0,1,0
Mangodadada,12,0,2,0
Marcusryz,7,0,3,0
Marcusryz,8,0,1,0
MarioLulab,2,0,2,0
MarisaSparkL,8,0,1,0
MatKollar,1,0,4,0
MatufA,2,0,5,0
MayYouBeProsperous,1,0,1,0
MayYouBeProsperous,2,0,1,0
Meiyim,1,0,1,0
Meiyim,5,0,1,0
Meiyim,7,0,2,0
Micalling,9,0,2,0
MikhayEeer,9,0,1,0
MikhayEeer,10,0,1,0
MistEO,11,0,16,0
MonkeyBrothers,7,0,2,0
MqLeet,12,0,1,0
MrYo666,11,0,1,0
MufanColin,7,0,3,0
MufanColin,8,0,2,0
MyYuan,2,0,2,0
MyYuan,3,0,1,0
MyYuan,5,0,1,0
MyYuan,7,0,1,0
MyYuan,8,0,2,1
NINGBENZHE,2,0,2,0
NINGBENZHE,3,0,1,0
NKNaN,3,0,1,0
NKNaN,4,0,2,0
NKNaN,5,0,1,0
NKNaN,6,0,1,0
NKNaN,8,0,4,0
NKNaN,9,0,8,0
NKNaN,11,0,10,0
Neo-WY,11,0,1,0
NeptuneZhao,10,0,1,0
NeroLoh,5,0,1,0
NeroLoh,6,0,3,0
Netrvin,3,0,8,0
NoExperienceCoder,3,0,7,0
Noisyntrain,5,0,8,3
PeiyuLau,7,0,3,0
PeyChou,3,0,8,0
PeyChou,4,0,2,0
PolaKuma,11,0,4,0
PolaKuma,12,0,4,0
Qin-sx,12,0,1,0
QingshuChen,5,0,1,0
Ray961123,11,0,1,0
RuohengMa,9,0,1,0
RussellLuo,4,0,8,0
RyanGarciaLI,8,0,11,1
RyanGarciaLI,9,0,1,1
SCUcookie,11,0,2,0
SHUBH4M-KUMAR,1,0,10,0
SHUBH4M-KUMAR,12,0,2,0
SWHL,5,0,5,5
SWHL,7,0,21,2
SWHL,10,0,9,2
SWHL,11,0,7,6
SevenSamon,8,0,1,0
ShawnNew,11,0,1,0
SigureMo,1,0,1,1
SigureMo,5,0,7,9
SigureMo,6,0,12,24
SigureMo,7,0,8,5
SigureMo,8,0,2,7
SigureMo,9,0,3,4
SigureMo,10,0,5,6
SigureMo,12,0,5,2
SkyFlap,5,0,5,0
SkyFlap,6,0,4,0
Southpika,2,0,2,0
Southpika,3,0,1,0
Southpika,4,0,1,0
SuiYunsy,10,0,4,0
Sunny-bot1,7,0,2,0
Sunny-bot1,8,0,1,0
Sunting78,7,0,3,6
Sunting78,8,0,2,2
Sunting78,9,0,8,7
Sunting78,10,0,8,10
Sunting78,11,0,15,13
Sunting78,12,0,9,10
SylarTiaNII,1,0,2,0
SylarTiaNII,2,0,3,0
SylarTiaNII,3,0,5,0
SylarTiaNII,4,0,8,0
SylarTiaNII,5,0,5,7
SylarTiaNII,6,0,2,6
SylarTiaNII,11,0,2,0
SylarTiaNII,12,0,5,0
Sylence8,11,0,1,0
SyuuKasinn,7,0,2,0
TR666,3,0,1,0
TR666,6,0,4,0
TeCHiScy,1,0,16,0
TeCHiScy,2,0,1,0
TernenceCao,7,0,9,0
TernenceCao,8,0,4,0
TimeYWL,10,0,1,0
TingquanGao,5,0,6,6
TingquanGao,6,0,9,0
TingquanGao,7,0,73,6
TingquanGao,8,0,4,9
TingquanGao,9,0,2,17
TingquanGao,10,0,8,28
TingquanGao,11,0,21,37
TingquanGao,12,0,15,21
TomorrowIsAnOtherDay,4,0,1,0
TomorrowIsAnOtherDay,5,0,1,0
Tongkaio,4,0,1,0
Topdu,4,0,16,0
Topdu,5,0,7,0
Topdu,7,0,9,0
Topdu,8,0,1,0
TranscenderNing,4,0,1,0
TranscenderNing,6,0,2,0
TranscenderNing,10,0,1,0
Travis-Lee,2,0,4,0
Travis-Lee,3,0,7,0
Tsaiyue,7,0,1,0
UfanLee,11,0,1,0
UncleLLD,12,0,1,0
UserWangZz,3,0,20,0
UserWangZz,5,0,6,6
UserWangZz,6,0,4,0
UserWangZz,8,0,4,2
Victor-Bayim,11,0,4,0
VigiZhang,1,0,2,0
Vvsmile,4,0,2,0
Vvsmile,9,0,1,0
WAI-clear,1,0,1,0
WAYKEN-TSE,12,0,1,0
WFLiu0327,11,0,2,0
WSBG,11,0,2,0
Wanglongzhi2001,3,0,2,0
Wanglongzhi2001,4,0,3,0
Wanglongzhi2001,10,0,5,0
Wangzheee,2,0,2,0
Wennie396,9,0,1,0
WhatGhost,7,0,2,0
WhatGhost,9,0,3,0
Whsjrczr,9,0,2,0
Wizard-ZP,7,0,1,0
Wizard-ZP,8,0,2,0
Wizard-ZP,9,0,1,0
Wzj02200059,12,0,3,0
Wzy1010,11,0,1,0
Xiao-congxi,9,0,4,0
XieYunshen,5,0,8,8
XieYunshen,6,0,1,0
XieYunshen,7,0,1,6
XieYunshen,8,0,12,15
XieYunshen,9,0,1,5
XieYunshen,10,0,2,2
XieYunshen,11,0,4,3
XieYunshen,12,0,1,0
Xing-lil,8,0,2,0
Xing-lil,10,0,3,0
Xingyu-Zheng,12,0,1,0
Xreki,1,0,1,0
Xreki,4,0,2,0
Xreki,5,0,1,0
Xreki,6,0,2,0
Xuxuanang,8,0,1,0
Xuxuanang,9,0,3,0
Xuxuanang,11,0,4,0
Xuxuanang,12,0,10,0
YZW-explorer,5,0,2,0
YZW-explorer,6,0,1,0
Yang-Changhui,9,0,1,0
YanhuiDua,6,0,4,0
YanhuiDua,8,0,1,0
YibinLiu666,1,0,1,0
YibinLiu666,4,0,1,0
YuanRisheng,1,0,2,2
YuanRisheng,2,0,1,0
YuanRisheng,5,0,3,3
YuanRisheng,9,0,1,3
ZHOU05030,11,0,1,0
ZHOU05030,12,0,1,0
ZHUI,2,0,1,2
ZHUI,4,0,1,3
ZHUI,5,0,7,4
ZHUI,6,0,9,21
ZHUI,7,0,2,9
ZHUI,8,0,1,6
ZHUI,10,0,1,12
ZeddYu,7,0,3,0
ZelinMa557,5,0,1,0
Zeref996,4,0,14,4
Zeref996,5,0,19,1
Zeref996,6,0,20,13
Zeref996,7,0,9,23
Zeref996,8,0,9,5
Zeref996,9,0,9,5
Zeref996,10,0,10,1
Zeref996,11,0,9,6
Zeref996,12,0,7,0
ZeyuTeng96,1,0,10,0
ZhangPassion,12,0,1,0
ZhangXinNan,7,0,3,0
ZhangYulongg,7,0,1,1
Zheng-Bicheng,6,0,3,17
Zheng-Bicheng,7,0,25,18
Zheng-Bicheng,8,0,1,1
Zheng-Bicheng,9,0,3,5
Zheng-Bicheng,10,0,2,3
Zheng-Bicheng,11,0,6,8
Zhiiixin,10,0,3,0
Zhiiixin,11,0,4,0
Zhiiixin,12,0,1,0
ZhouMengLei1999,2,0,1,0
ZibinGuo,2,0,1,0
ZibinGuo,10,0,1,0
ZibinGuo,11,0,1,0
a162837,10,0,1,0
a162837,11,0,1,0
a31413510,4,0,16,0
a31413510,5,0,21,0
a31413510,6,0,6,0
a31413510,7,0,35,0
a31413510,10,0,5,0
a31413510,11,0,2,0
a31413510,12,0,1,0
achieve-dream1221,8,0,1,0
ai-coder-l,2,0,10,0
anderson101866,9,0,1,0
andyjiang1116,7,0,3,0
aninditg98,12,0,1,0
anonymousdouble,1,0,8,0
aquagull,12,0,1,0
asif-ca,5,0,5,0
aspaul20,5,0,5,0
bapijun,3,0,1,0
bapijun,4,0,1,0
blacksheep-Aristotle,11,0,4,0
blacksheep-Aristotle,12,0,1,0
bo-ke,3,0,1,0
brisaurora,10,0,1,0
bruicecode,4,0,1,0
bukejiyu,1,0,3,0
bukejiyu,4,0,4,0
bukejiyu,5,0,2,0
bukejiyu,6,0,1,0
bukejiyu,8,0,1,0
bukejiyu,11,0,1,0
bukejiyu,12,0,1,0
caizejun,7,0,1,0
ccccwb,5,0,2,0
cclauss,11,0,2,0
ccsuzzh,9,0,1,0
ccsuzzh,11,0,3,0
chang-wenbin,7,0,1,0
chang-wenbin,9,0,2,0
chang-wenbin,10,0,1,0
chang-wenbin,12,0,2,0
changdazhou,1,0,16,0
changdazhou,2,0,3,0
changdazhou,3,0,2,0
changdazhou,4,0,9,0
changdazhou,6,0,26,0
changdazhou,7,0,13,0
changdazhou,8,0,29,0
changdazhou,9,0,2,0
changdazhou,10,0,15,0
changdazhou,11,0,20,0
changdazhou,12,0,2,1
changeyoung98,8,0,1,1
changeyoung98,9,0,9,4
changeyoung98,10,0,3,4
changeyoung98,12,0,1,3
chen2016013,1,0,2,1
chen2016013,2,0,4,0
chen2016013,3,0,23,0
chen2016013,4,0,4,0
chen2016013,5,0,1,1
chen2016013,6,0,1,1
chen2016013,8,0,1,1
chen2016013,9,0,1,0
chen2016013,10,0,2,2
chen2016013,11,0,2,1
chen2016013,12,0,1,0
cheng221,11,0,2,0
cheng221,12,0,1,0
chengjue,9,0,3,0
chengjue,11,0,10,0
chenjjcccc,1,0,5,0
chenlike,3,0,1,0
chncaption,6,0,4,0
christinestraub,6,0,3,0
ckl117,8,0,2,0
ckl117,9,0,1,0
ckl117,10,0,3,0
cmcamdy,9,0,1,0
cmcamdy,10,0,3,0
co63oc,5,0,11,0
co63oc,6,0,7,0
co63oc,8,0,3,0
co63oc,10,0,5,0
co63oc,12,0,9,0
cocoeoli,2,0,2,0
cocoshe,6,0,1,0
cqulilujia,7,0,1,0
cqulilujia,9,0,2,0
cqulilujia,10,0,1,0
cqulilujia,11,0,1,0
crazyxiaoxi,7,0,9,0
crazyxiaoxi,8,0,1,0
cse0001,9,0,2,0
cse0001,11,0,1,0
cse0001,12,0,3,0
cubehan3,9,0,5,0
cubehan3,11,0,4,2
cuicheng01,6,0,102,131
cuicheng01,7,0,43,201
cuicheng01,8,0,2,30
cuicheng01,10,0,5,66
cuicheng01,11,0,6,78
cuicheng01,12,0,2,44
cxxly,6,0,1,0
cyber-pioneer,4,0,2,2
cyber-pioneer,5,0,6,2
cyber-pioneer,6,0,1,3
cyber-pioneer,7,0,1,0
dajiang0085,3,0,1,0
danleifeng,1,0,5,3
danleifeng,2,0,1,1
danleifeng,3,0,4,5
danleifeng,6,0,2,2
danleifeng,7,0,1,1
danleifeng,8,0,2,2
danleifeng,9,0,3,3
danleifeng,12,0,1,1
danschu,5,0,4,0
davidwongmedinfo,11,0,1,0
ddchenhao66,4,0,4,2
ddchenhao66,5,0,4,4
decade-afk,9,0,2,0
deepllz,3,0,1,0
deepllz,4,0,1,0
deepllz,8,0,1,0
deepllz,10,0,1,0
deepllz,11,0,1,0
deisler134,10,0,3,0
dependabot,2,0,9,0
dependabot,4,0,5,0
dependabot,5,0,39,0
dependabot,6,0,2,0
dependabot,7,0,2,0
dependabot,8,0,8,0
dependabot,9,0,16,0
dependabot,10,0,3,0
dependabot,11,0,2,0
deyinliwork,10,0,1,0
dongdong2023,7,0,3,0
dynamicheart,6,0,1,0
dyning,5,0,7,7
dyning,6,0,9,3
dyning,10,0,22,22
dyning,12,0,1,1
e8-LiuPeng,3,0,3,0
eee4017,3,0,1,0
eee4017,6,0,3,0
eggman-1024,9,0,1,0
eggman-1024,10,0,1,0
eggman-1024,11,0,1,0
eltociear,9,0,1,0
engineer1109,2,0,2,0
enkilee,1,0,3,0
enkilee,2,0,3,0
enkilee,4,0,2,0
enkilee,5,0,2,0
enkilee,6,0,1,0
enkilee,7,0,3,0
enkilee,8,0,3,0
enkilee,9,0,5,0
enkilee,10,0,1,0
enkilee,11,0,3,0
enkilee,12,0,2,0
enximi,6,0,6,0
fangfangzk,12,0,1,0
feixi21,11,0,1,0
fffreedom,6,0,4,0
fightfat,1,0,3,3
fightfat,2,0,1,1
fightfat,3,0,1,1
fightfat,6,0,1,1
fightfat,7,0,4,0
fightfat,8,0,6,3
fightfat,9,0,4,3
fightfat,10,0,1,1
freeliuzc,1,0,1,0
ftgreat,12,0,2,0
fufu0615,9,0,1,0
fufu0615,10,0,1,0
funnycoder888,6,0,8,0
fxfxfxfxfxfxfxfx,9,0,1,0
fxy1699,12,0,1,0
fye813,8,0,1,0
gitliuyf,1,0,2,0
gitliuyf,2,0,2,0
gitliuyf,3,0,1,0
gitliuyf,6,0,1,0
gitliuyf,10,0,2,0
gongel,3,0,2,2
gongel,5,0,2,1
gongel,6,0,1,0
gongel,7,0,1,1
gongel,10,0,2,1
gouzil,2,0,1,0
gouzil,4,0,4,2
gouzil,5,0,1,0
gouzil,6,0,14,6
gouzil,7,0,2,2
gouzil,9,0,2,0
gouzil,11,0,1,0
greycooker,8,0,2,0
greycooker,12,0,4,0
guoshengCS,2,0,1,0
guoshengCS,6,0,1,1
guozixu2001,9,0,1,0
guozixu2001,10,0,1,0
guozixu2001,12,0,5,0
guspan-tanadi,12,0,2,0
hanhaowen-mt,2,0,1,0
hanyang2508,11,0,1,0
haohongxiang,1,0,1,1
haohongxiang,2,0,2,0
haoyu2022,8,0,2,0
heavyrain-lzy,1,0,1,0
heavyrain-lzy,2,0,2,0
heavyrain-lzy,3,0,4,0
heavyrain-lzy,4,0,1,1
heavyrain-lzy,5,0,1,0
heliqi,3,0,3,0
heliqi,4,0,3,0
hi-yu,11,0,1,0
hicricket,8,0,3,0
hiroi-sora,7,0,3,0
hitywt,2,0,1,0
hitywt,3,0,1,0
hitywt,4,0,1,0
hong19860320,3,0,1,5
houj04,7,0,1,0
houj04,8,0,1,0
houj04,9,0,1,2
hu-qi,3,0,1,0
huangjiyi,1,0,2,0
huangjiyi,2,0,8,0
huangjiyi,3,0,4,0
huangjiyi,8,0,2,0
huangjiyi,10,0,2,1
huangjiyi,11,0,5,2
huangjiyi,12,0,1,0
huwwds,4,0,2,0
hxzd5568,4,0,1,0
hxzd5568,5,0,2,0
hxzd5568,6,0,2,0
hyx930,1,0,5,0
hzhmybatis,11,0,1,0
idontkonwher,9,0,2,0
immortal5655,7,0,1,0
inaomIIsfarell,9,0,1,0
inisis,10,0,1,0
invictuszhao,4,0,8,0
invictuszhao,7,0,3,0
iosmers,1,0,1,0
iosmers,2,0,2,0
iosmers,3,0,1,0
iosmers,5,0,1,0
iosmers,6,0,1,0
iriszuo,5,0,7,0
itslonua,2,0,5,0
javey-q,12,0,1,0
jeff41404,6,0,1,0
jeff41404,12,0,1,1
jeng1220,10,0,1,0
jerrywgz,12,0,1,4
jiachengdai,11,0,1,0
jiahy0825,1,0,10,2
jiahy0825,2,0,6,5
jiahy0825,3,0,2,1
jiahy0825,4,0,1,0
jiahy0825,5,0,1,2
jiahy0825,6,0,2,2
jiahy0825,7,0,3,1
jiangjiajun,2,0,2,18
jianzhang96,5,0,2,0
jianzhang96,6,0,2,0
jie-z-0607,12,0,1,0
jincheng23,11,0,2,0
jincheng23,12,0,2,0
jinmingyi1998,10,0,1,0
jiqirenfeile,8,0,2,0
jiuyuedeyu156,5,0,6,0
jscgh,11,0,1,0
juncaipeng,9,0,20,5
jzhang533,6,0,5,11
jzhang533,7,0,5,16
jzhang533,8,0,1,4
jzhang533,9,0,1,6
jzhang533,10,0,1,0
kangguangli,2,0,1,1
kangguangli,3,0,1,1
kangguangli,5,0,1,1
kangguangli,6,0,1,1
kevincheng2,1,0,3,0
kevincheng2,8,0,5,0
kevincheng2,9,0,10,0
kevincheng2,11,0,12,0
khanfarhan10,11,0,4,0
kineast,11,0,1,0
kircle888,4,0,4,0
kircle888,7,0,2,0
kli-casia,12,0,1,0
kylekk01,12,0,1,0
lakako,4,0,8,0
lanxianghit,1,0,3,3
lanxianghit,2,0,2,2
laolitou,7,0,4,0
laolitou,8,0,4,0
lastrei,5,0,13,0
leaves520,9,0,2,1
leaves520,11,0,1,1
leo-q8,10,0,8,0
leo-q8,11,0,7,0
leo-q8,12,0,2,0
leo0519,4,0,1,0
leolishaohao,1,0,2,0
licheng-iwish,2,0,4,0
lichenliang666,6,0,3,0
lifulll,11,0,1,0
lijialin03,12,0,2,0
lijinxin6,4,0,3,0
lingskr,8,0,10,0
linkedlist771,5,0,1,0
liu-jiaxuan,9,0,1,0
liu-jiaxuan,10,0,4,0
liu-jiaxuan,12,0,2,0
liuhongen1234567,7,0,2,0
liuhongen1234567,8,0,4,0
liuhongen1234567,10,0,2,0
liuhongen1234567,11,0,27,0
liuhongen1234567,12,0,9,0
liuruyan,9,0,1,0
liuruyan,11,0,1,0
liuruyan,12,0,2,0
liuzhenhai93,1,0,3,0
liuzhenhai93,2,0,1,0
liuzhenhai93,3,0,1,0
lixcli,10,0,1,0
lixcli,11,0,2,0
liym27,3,0,1,0
liym27,5,0,1,1
liym27,8,0,1,1
liym27,12,0,1,0
lizexu123,1,0,9,0
lizexu123,7,0,3,0
lizexu123,8,0,1,0
lizexu123,9,0,3,0
lizexu123,10,0,2,4
lj970926,4,0,1,0
lj970926,5,0,1,0
lj970926,6,0,2,0
lj970926,8,0,1,0
lj970926,9,0,3,0
lj970926,12,0,2,0
lshpku,5,0,1,0
lshpku,8,0,1,0
lshpku,9,0,1,0
lsvih,1,0,1,0
lszxb,7,0,2,0
lszxb,10,0,1,0
lugimzzz,1,0,3,1
lugimzzz,4,0,4,2
lugimzzz,5,0,1,0
lugimzzz,6,0,1,0
lugimzzz,8,0,3,1
lugimzzz,10,0,1,1
lugimzzz,12,0,2,0
lunaticsst,8,0,2,0
lunaticsst,9,0,8,0
lunaticsst,10,0,4,0
luotao1,5,0,16,11
luotao1,7,0,54,62
luotao1,8,0,5,29
luotao1,10,0,1,23
luotao1,12,0,1,14
luoyuedong,1,0,9,4
luoyuedong,2,0,2,0
luoyuedong,3,0,3,2
luoyuedong,4,0,3,1
luoyuedong,5,0,3,0
luoyuedong,7,0,1,0
luyao-cv,7,0,2,2
lvdongyi,11,0,1,0
lwkhahaha,8,0,2,0
lwkhahaha,9,0,1,0
lxd-cumt,11,0,1,0
lyuwenyu,2,0,3,4
lyuwenyu,3,0,4,20
lyuwenyu,5,0,5,35
lyuwenyu,7,0,9,14
lyuwenyu,12,0,6,6
madmalkav,6,0,3,0
marlin2023,5,0,2,0
mattheliu,5,0,6,0
mattheliu,12,0,1,0
megemini,7,0,15,0
megemini,8,0,2,0
megemini,9,0,1,0
megemini,11,0,4,0
mengmingooo,2,0,3,0
micelvrice,7,0,1,0
mikemikimike,12,0,1,0
ming1753,2,0,2,0
ming1753,3,0,1,0
ming1753,7,0,1,1
ming1753,8,0,2,1
ming1753,9,0,1,0
ming1753,10,0,1,0
mingMelody,10,0,1,0
mmglove,3,0,1,2
mmglove,4,0,1,6
mmglove,5,0,8,3
mmglove,6,0,12,0
mmglove,7,0,5,0
mmglove,8,0,8,2
mmglove,9,0,2,2
mmglove,10,0,3,1
mmglove,11,0,16,6
mmglove,12,0,4,0
moemoeapril,11,0,1,0
mohamadmansourX,5,0,7,0
monster1015,9,0,2,0
mori0umi,11,0,1,0
mountainhua,4,0,3,0
munimadu,3,0,6,0
navneetkrc,9,0,1,0
ndren,1,0,1,0
ndyysheep,11,0,1,0
nemonameless,11,0,2,2
nemonameless,12,0,4,9
nepeplwu,2,0,1,1
nepeplwu,7,0,21,0
nepeplwu,8,0,4,0
nepeplwu,9,0,1,0
nepeplwu,10,0,4,0
nepeplwu,11,0,1,0
nepeplwu,12,0,6,0
newway,8,0,7,0
nickyoungforu,7,0,4,3
onecatcn,1,0,1,0
onecatcn,7,0,9,0
onepick,4,0,1,0
onepick,5,0,1,0
ooooo-create,2,0,2,0
ooooo-create,5,0,1,0
ooooo-create,8,0,1,0
ooooo-create,9,0,3,0
ooooo-create,10,0,3,0
ooooo-create,11,0,3,1
pangengzheng,2,0,1,0
peiswang,12,0,1,0
phlrain,1,0,3,4
phlrain,2,0,2,2
phlrain,3,0,1,3
phlrain,4,0,3,1
phlrain,5,0,3,2
phlrain,6,0,2,4
phlrain,9,0,6,5
phlrain,11,0,3,0
pkhk-1,5,0,1,0
pkhk-1,6,0,1,0
pkhk-1,11,0,1,0
pkhk-1,12,0,1,0
pkuzyc,2,0,1,0
pkuzyc,4,0,1,0
pkuzyc,5,0,1,0
pkuzyc,8,0,1,0
pkuzyc,11,0,1,2
plusNew001,5,0,1,2
plusNew001,6,0,10,5
plusNew001,7,0,1,8
plusNew001,8,0,2,3
pminimd,4,0,3,0
psky1111,2,0,2,0
qili93,1,0,1,1
qili93,3,0,1,0
qili93,4,0,3,7
qili93,5,0,8,0
qingzhong1,1,0,1,0
quanxiang-liu,5,0,1,1
quanxiang-liu,6,0,1,0
quanxiang-liu,7,0,1,0
qwedc001,4,0,16,0
qzylalala,9,0,3,0
qzylalala,10,0,3,0
qzylalala,11,0,2,0
rainyfly,2,0,12,0
rainyfly,3,0,8,0
ranchongzhi,1,0,1,0
raoyutian,10,0,5,0
renhongru1990,7,0,1,0
rical730,5,0,2,4
rich04lin,11,0,1,0
rich04lin,12,0,2,0
risemeup1,1,0,2,1
risemeup1,2,0,4,7
risemeup1,3,0,1,0
risemeup1,4,0,3,3
risemeup1,6,0,2,3
risemeup1,8,0,1,1
risemeup1,9,0,1,10
ronny1996,7,0,1,0
runzhech,9,0,1,0
samthakur587,9,0,2,0
sfc-gh-dkajtoch,10,0,1,0
shang-mt,11,0,1,0
shenghwa,1,0,1,0
shiyutang,1,0,3,7
shiyutang,3,0,4,23
sijunhe,4,0,1,5
sijunhe,7,0,1,4
smile2game,11,0,1,0
sneaxiy,1,0,3,7
sneaxiy,2,0,2,4
sneaxiy,3,0,3,6
sneaxiy,4,0,2,4
sneaxiy,6,0,6,5
sneaxiy,7,0,4,4
sneaxiy,9,0,2,4
sneaxiy,12,0,2,5
sunnychenxiwang,11,0,1,0
sunnyghost2016,4,0,8,0
swagger-coder,12,0,5,0
swgu98,12,0,1,0
tackhwa,5,0,5,0
taeefnajib,1,0,5,0
taeefnajib,7,0,3,0
tc20042008,4,0,1,1
tc20042008,5,0,1,3
tc20042008,6,0,9,1
tc20042008,7,0,16,2
tc20042008,8,0,7,2
thomasbergersen,4,0,8,0
tianhaodongbd,2,0,2,0
tianhaodongbd,4,0,1,0
tianhaodongbd,6,0,1,0
tianhaodongbd,9,0,1,0
tianhaodongbd,10,0,10,0
tianhaodongbd,11,0,1,0
tianlef,7,0,5,0
tianshuo78520a,2,0,3,0
tianshuo78520a,3,0,1,0
tianshuo78520a,6,0,3,0
tianshuo78520a,8,0,6,0
tianshuo78520a,9,0,8,0
tianshuo78520a,10,0,4,0
tianshuo78520a,11,0,8,1
tianshuo78520a,12,0,1,0
tianyuzhou668,9,0,1,0
tianyuzhou668,12,0,1,0
timfengzi,9,0,2,0
tink2123,3,0,5,6
tink2123,6,0,4,8
tink2123,7,0,3,0
tlxd,7,0,7,0
tlxd,9,0,1,0
tpenaranda,4,0,1,0
uanu2002,7,0,3,0
umiswing,6,0,1,0
umiswing,8,0,2,0
umiswing,10,0,1,0
umiswing,12,0,1,0
undefined-ux,8,0,6,0
user123-source,5,0,1,0
vivienfanghuagood,8,0,1,0
vivienfanghuagood,10,0,1,0
vivienfanghuagood,11,0,1,0
w5688414,2,0,1,0
w5688414,3,0,1,0
waliwali777,8,0,1,0
waliwali777,9,0,1,0
waliwali777,10,0,1,0
waliwali777,11,0,2,0
waliwali777,12,0,1,0
walkalone20,4,0,2,0
walkalone20,7,0,1,0
wanghuancoder,1,0,1,1
wanghuancoder,2,0,4,4
wanghuancoder,3,0,1,0
wanghuancoder,4,0,58,1
wanghuancoder,5,0,20,5
wanghuancoder,6,0,9,6
wanghuancoder,7,0,7,10
wanghuancoder,8,0,1,2
wanghuancoder,9,0,4,5
wanghuancoder,10,0,5,4
wanghuancoder,11,0,5,6
wanghuancoder,12,0,5,0
wangjipeng1217,11,0,1,0
wangna11BD,2,0,1,0
wangna11BD,4,0,6,1
wangna11BD,5,0,19,0
wangna11BD,6,0,7,0
wangna11BD,9,0,4,0
wangna11BD,10,0,4,0
wangna11BD,11,0,2,0
wangna11BD,12,0,2,0
wangtianxia-sjtu,8,0,1,0
wanx7130,11,0,3,0
warrentdrew,1,0,1,0
warrentdrew,4,0,1,0
warrentdrew,5,0,4,0
warrentdrew,6,0,12,0
warrentdrew,8,0,6,0
warrentdrew,12,0,3,0
wasupandceacar,6,0,2,0
wasupandceacar,7,0,2,0
wawltor,2,0,1,13
wawltor,3,0,1,16
wawltor,7,0,2,17
wawltor,10,0,1,7
westfish,5,0,1,1
westfish,6,0,2,3
westfish,7,0,5,11
westfish,11,0,1,0
whf313,7,0,1,0
whzgz,9,0,29,0
will-jl944,4,0,6,0
will-jl944,5,0,6,0
will-jl944,6,0,4,0
will-jl944,8,0,2,0
will-jl944,12,0,2,0
winffke,11,0,1,0
winter-wang,6,0,1,1
winter-wang,8,0,2,1
winter-wang,9,0,1,1
winter-wang,11,0,1,2
wj-Mcat,6,0,1,0
wj-Mcat,7,0,2,0
wj-Mcat,8,0,1,0
wtmlon,1,0,1,0
wtmlon,3,0,3,0
wtmlon,4,0,3,0
wtmlon,6,0,3,0
wtmlon,12,0,1,1
wuhuachaocoding,3,0,2,0
wwbitejotunn,4,0,2,0
wwbitejotunn,5,0,1,0
wwwuyan,11,0,3,0
xiaoguoguo626807,1,0,2,1
xiaoguoguo626807,6,0,3,2
xiaoguoguo626807,7,0,1,1
xiaoguoguo626807,9,0,2,7
xiaoguoguo626807,11,0,3,3
xiaoluomi,7,0,1,0
xiaoxiaohehe001,1,0,2,0
xiaoxiaohehe001,2,0,2,0
xiaoxiaohehe001,6,0,1,0
xiaoyao0115,5,0,2,0
xiaoyao4573,5,0,1,3
xiebaiyuan,7,0,6,0
xiebaiyuan,8,0,2,0
xiguapipi,8,0,1,0
xingmingyyj,1,0,1,0
xingmingyyj,7,0,1,0
xu8117,4,0,7,0
xu8117,11,0,1,0
xu8117,12,0,1,0
xuanyuanminzheng,4,0,9,0
xuanyuanminzheng,12,0,1,0
xusJs,12,0,1,0
xuxinyi389,1,0,1,0
xuxinyi389,8,0,1,0
xuxinyi389,12,0,2,0
xysheng-baidu,2,0,1,0
xysheng-baidu,3,0,1,0
xysheng-baidu,4,0,2,0
yanfeich,12,0,1,0
yangrongxinuser,11,0,6,0
yangrongxinuser,12,0,1,0
yekx1912,5,0,1,0
yes-github,10,0,1,0
yeyeahh,6,0,3,0
yiakwy-xpu-ml-framework-team,2,0,6,0
yinfan98,3,0,1,0
yinfan98,5,0,1,0
yinfan98,7,0,1,0
yinfan98,12,0,1,0
yluuu16,7,0,1,0
yuanlehome,1,0,4,8
yuanlehome,3,0,5,7
yuanlehome,4,0,2,6
yuanlehome,5,0,3,7
yuanlehome,6,0,1,1
yuanlehome,7,0,2,2
yuanlehome,8,0,5,1
yuanlehome,9,0,2,2
yuanlehome,10,0,5,5
yuguo-Jack,4,0,1,0
yuguo-Jack,6,0,2,0
yulangz,4,0,1,0
yulangz,5,0,1,0
yulangz,7,0,2,0
yulangz,8,0,1,0
yumu-GHB,9,0,1,0
yutian929,10,0,1,0
yutian929,12,0,3,0
yyh-rain-song,12,0,2,0
zade23,1,0,5,0
zbt78,4,0,2,0
zbt78,9,0,1,0
zeroRains,3,0,1,0
zeroRains,4,0,4,0
zeroRains,6,0,3,0
zeroader,11,0,2,0
zhang-prog,8,0,2,0
zhang-prog,9,0,2,0
zhang-prog,10,0,4,0
zhang-prog,11,0,7,0
zhang-prog,12,0,6,0
zhangbo9674,1,0,1,2
zhangbo9674,2,0,2,2
zhangbo9674,4,0,3,0
zhangbo9674,5,0,2,0
zhangbo9674,7,0,2,1
zhangbo9674,8,0,1,1
zhangbo9674,9,0,1,0
zhangbo9674,11,0,2,1
zhangbo9674,12,0,1,0
zhangbopd,1,0,1,1
zhangbopd,2,0,1,1
zhangbopd,3,0,2,2
zhanglirong1999,3,0,1,0
zhanglirong1999,4,0,2,0
zhanglirong1999,5,0,2,0
zhanglirong1999,8,0,2,1
zhanglirong1999,9,0,1,1
zhangs-cedar,7,0,6,0
zhangting2020,1,0,1,0
zhangting2020,3,0,1,1
zhangting2020,4,0,1,1
zhangting2020,11,0,1,1
zhangyubo0722,5,0,26,0
zhangyubo0722,6,0,12,0
zhangyubo0722,7,0,10,0
zhangyubo0722,9,0,20,0
zhangyubo0722,10,0,46,0
zhangyubo0722,11,0,25,0
zhangyubo0722,12,0,19,0
zhangyuqin1998,5,0,2,0
zhangyuqin1998,7,0,2,0
zhangyuqin1998,8,0,3,0
zhangyuqin1998,9,0,1,0
zhangyuqin1998,10,0,2,0
zhenwenqi2024,4,0,1,0
zhhsplendid,1,0,1,1
zhink,3,0,1,0
zhink,4,0,2,0
zhink,5,0,2,0
zhink,6,0,4,0
zhink,9,0,1,0
zhink,10,0,1,0
zhink,12,0,1,0
zhiqiu,2,0,2,1
zhiqiu,3,0,1,5
zhiqiu,4,0,2,3
zhiqiu,5,0,2,4
zhiqiu,6,0,1,0
zhiqiu,9,0,1,2
zhiqiu,10,0,2,2
zhiqiu,11,0,1,2
zhouquan32,12,0,1,0
zhoutianzi666,1,0,1,0
zhoutianzi666,2,0,1,0
zhoutianzi666,7,0,1,0
zhoutianzi666,11,0,1,1
zhwesky2010,9,0,1,17
zhwesky2010,12,0,5,19
ziangqin-baidu,1,0,5,0
ziangqin-baidu,3,0,1,0
zifuwanggg,10,0,2,0
zjjlivein,2,0,1,1
zjjlivein,3,0,3,4
zlzzl,4,0,3,0
zongwave,12,0,2,0
zoooo0820,1,0,1,0
zoooo0820,4,0,1,0
zovelsanj,4,0,16,0
zovelsanj,5,0,5,0
zrr1999,2,0,1,0
zrr1999,3,0,1,0
zrr1999,6,0,1,0
zty-king,12,0,1,0
ztyf-lq,9,0,1,0
ztyf-lq,10,0,2,0
zxcd,3,0,51,16
zxcd,4,0,7,0
zxcd,5,0,2,8
zxcd,6,0,32,72
zxcd,7,0,7,21
zxcd,8,0,19,31
zxcd,9,0,11,16
zxcd,10,0,8,8
zxcd,11,0,3,33
zxcd,12,0,1,1
zyfncg,3,0,1,0
zyfncg,4,0,5,5
zyfncg,5,0,5,8
zyfncg,7,0,1,1
zyfncg,8,0,2,1
zyfncg,11,0,1,4
zyt1024,1,0,1,0
zzjjay,2,0,1,1
zzjjay,3,0,1,0
0,1,0,0,3
0,3,0,0,1
0,9,0,0,1
0,2,0,0,1
0,8,0,0,1
0,4,0,0,2
0,5,0,0,1
0,6,0,0,2
0,8,0,0,1
0,6,0,0,9
0,2,0,0,1
0,3,0,0,1
0,4,0,0,1
0,6,0,0,3
0,8,0,0,3
0,10,0,0,1
0,11,0,0,2
0,12,0,0,2
0,5,0,0,12
0,8,0,0,5
0,10,0,0,5
0,11,0,0,5
0,12,0,0,5
0,5,0,0,1
0,1,0,0,1
0,10,0,0,1
0,11,0,0,2
0,2,0,0,1
0,2,0,0,2
0,3,0,0,7
0,3,0,0,7
0,4,0,0,3
0,8,0,0,5
0,9,0,0,5
0,2,0,0,1
0,7,0,0,1
0,11,0,0,2
0,8,0,0,8
0,7,0,0,8
0,8,0,0,6
0,9,0,0,4
0,4,0,0,1
0,6,0,0,2
0,1,0,0,1
0,3,0,0,1
0,4,0,0,1
0,8,0,0,2
0,9,0,0,3
0,11,0,0,1
0,4,0,0,2
0,6,0,0,3
0,7,0,0,9
0,10,0,0,1
0,7,0,0,3
0,3,0,0,1
0,4,0,0,1
0,6,0,0,1
0,1,0,0,1
0,7,0,0,1
0,2,0,0,1
0,3,0,0,1
0,4,0,0,14
0,8,0,0,1
0,11,0,0,1
0,11,0,0,3
0,12,0,0,1
0,2,0,0,1
0,3,0,0,2
0,6,0,0,1
0,8,0,0,1
0,4,0,0,3
0,5,0,0,2
0,6,0,0,1
0,2,0,0,1
0,11,0,0,1
0,10,0,0,1
0,1,0,0,1
0,2,0,0,2
0,3,0,0,6
0,4,0,0,14
0,5,0,0,23
0,3,0,0,1
0,1,0,0,3
0,3,0,0,1
0,11,0,0,1
0,11,0,0,1
0,2,0,0,1
0,5,0,0,1
0,7,0,0,1
0,8,0,0,1
0,2,0,0,1
0,4,0,0,2
0,12,0,0,1
0,1,0,0,1
0,4,0,0,8
0,10,0,0,7
0,12,0,0,1
0,1,0,0,2
0,2,0,0,2
0,5,0,0,2
0,6,0,0,2
0,7,0,0,12
0,8,0,0,14
0,9,0,0,4
0,11,0,0,12
0,2,0,0,1
0,3,0,0,1
0,1,0,0,1
0,2,0,0,1
0,5,0,0,1
0,10,0,0,1
0,1,0,0,7
0,2,0,0,2
0,3,0,0,2
0,4,0,0,6
0,5,0,0,3
0,6,0,0,6
0,7,0,0,4
0,8,0,0,5
0,9,0,0,1
0,10,0,0,2
0,11,0,0,16
0,12,0,0,4
0,1,0,0,2
0,11,0,0,3
0,3,0,0,1
0,4,0,0,14
0,5,0,0,12
0,6,0,0,6
0,8,0,0,2
0,11,0,0,1
0,8,0,0,4
0,1,0,0,11
0,3,0,0,7
0,11,0,0,12
0,11,0,0,6
0,12,0,0,4
0,4,0,0,1
0,9,0,0,1
0,10,0,0,2
0,11,0,0,1
0,1,0,0,10
0,2,0,0,14
0,3,0,0,9
0,4,0,0,13
0,9,0,0,28
0,11,0,0,58
0,4,0,0,11
0,6,0,0,10
0,11,0,0,1
0,2,0,0,2
0,1,0,0,1
0,2,0,0,1
0,5,0,0,9
0,6,0,0,1
0,7,0,0,2
0,8,0,0,3
0,5,0,0,20
0,5,0,0,1
0,8,0,0,2
0,10,0,0,5
0,11,0,0,1
0,12,0,0,4
0,10,0,0,1
0,9,0,0,5
0,10,0,0,6
0,11,0,0,5
0,12,0,0,1
0,7,0,0,1
0,6,0,0,1
0,8,0,0,1
0,6,0,0,1
0,7,0,0,1
0,7,0,0,1
0,11,0,0,12
0,12,0,0,3
0,4,0,0,10
0,4,0,0,9
0,2,0,0,1
0,3,0,0,1
0,5,0,0,2
0,6,0,0,3
0,8,0,0,3
0,8,0,0,4
0,10,0,0,5
0,11,0,0,3
0,3,0,0,2
0,2,0,0,6
0,4,0,0,32
0,2,0,0,1
0,3,0,0,1
0,1,0,0,3
0,2,0,0,8
0,3,0,0,3
0,11,0,0,3
0,3,0,0,1
0,1,0,0,11
0,4,0,0,18
0,5,0,0,24
0,6,0,0,6
0,8,0,0,14
0,11,0,0,3
0,12,0,0,7
0,12,0,0,3
0,1,0,0,2
0,4,0,0,1
0,10,0,0,1
0,12,0,0,16
0,2,0,0,1
0,4,0,0,1
0,11,0,0,1
0,3,0,0,1
0,4,0,0,1
0,5,0,0,2
0,11,0,0,1
0,11,0,0,1
0,10,0,0,1
0,12,0,0,2
0,7,0,0,1
0,12,0,0,1
0,3,0,0,1
0,4,0,0,1
0,9,0,0,2
0,2,0,0,3
0,3,0,0,1
0,5,0,0,1
0,6,0,0,2
0,1,0,0,1
0,5,0,0,1
0,8,0,0,3
0,10,0,0,2
0,11,0,0,6
0,4,0,0,2
0,5,0,0,1
0,6,0,0,2
0,9,0,0,3
0,10,0,0,2
0,1,0,0,1
